TF,type,Promoter,TF Gene Name,Promoter Gene Name,NUE #,TF Family,T-DNA?
AGL8,PD,AT5G07440,AGL8,GDH2,NUE017,MADS,
ANAC032,PD,AT5G41410,ANAC032,BEL1,NUE076,NAC,x
ANAC032,PD,AT5G13110,ANAC032,G6PD2,NUE023,NAC,x
ANAC032,PD,AT5G07440,ANAC032,GDH2,NUE017,NAC,x
ANAC032,PD,AT4G24020,ANAC032,NLP7,NUE063,NAC,x
ANR1,PD,AT5G07440,ANR1,GDH2,NUE017,MADS,
AT1G01010,PD,AT2G38290,ANAC001,AMT2,NUE009,NAC,
AT1G01060,PD,AT1G72330,LHY,ALAAT2,NUE030,MYB,
AT1G02220,PD,AT1G72330,ANAC003,ALAAT2,NUE030,NAC,
AT1G02220,PD,AT2G38290,ANAC003,AMT2,NUE009,NAC,
AT1G02340,PD,AT5G66320,HFR1,GATA5,NUE118,BHLH,
AT1G02340,PD,AT5G67420,HFR1,LBD37,NUE071,BHLH,
AT1G03840,PD,AT1G77450,MGP,ANAC032,NUE083,C2H2,
AT1G03840,PD,AT2G31955,MGP,CNX2,NUE120,C2H2,
AT1G03840,PD,AT2G25930,MGP,ELF3,NUE131,C2H2,
AT1G04880,PD,AT5G60910,HMGB15,AGL8,NUE050,ARID,
AT1G04880,PD,AT2G14210,HMGB15,ANR1,NUE048,ARID,x
AT1G04880,PD,AT1G69850,HMGB15,NRT1.2,NUE002,ARID,x
AT1G04880,PD,AT5G41410,AT1G04880,BEL1,NUE076,ARID,x
AT1G04880,PD,AT4G24400,HMGB15,CIPK8,NUE064,ARID,x
AT1G04880,PD,AT2G31955,HMGB15,CNX2,NUE120,ARID,x
AT1G04880,PD,AT5G07440,HMGB15,GDH2,NUE017,ARID,x
AT1G04880,PD,AT1G66200,HMGB15,GLN1;2,NUE014,ARID,x
AT1G04880,PD,AT5G67420,HMGB15,LBD37,NUE071,ARID,x
AT1G04880,PD,AT3G47520,HMGB15,MDH,NUE022,ARID,x
AT1G04880,PD,AT1G56010,HMGB15,NAC1,NAC1,ARID,x
AT1G04880,PD,AT1G54160,HMGB15,NF-YA5,NF-YA5,ARID,x
AT1G04880,PD,AT1G77760,HMGB15,NIA1,NUE010,ARID,x
AT1G04880,PD,AT2G15620,HMGB15,NIR1,NUE012,ARID,x
AT1G04880,PD,AT1G02860,HMGB15,NLA,NUE060,ARID,x
AT1G04880,PD,AT1G64530,AT1G04880,NLP6,NUE132,ARID,x
AT1G04880,PD,AT4G24020,HMGB15,NLP7,NUE063,ARID,x
AT1G04880,PD,AT1G12110,HMGB15,NRT1.1,NUE001,ARID,x
AT1G04880,PD,AT4G24620,HMGB15,PGI1,NUE029,ARID,x
AT1G04880,PD,AT5G57390,HMGB15,PLT5,NUE117,ARID,x
AT1G04880,PD,AT5G50200,HMGB15,NRT3.1,NUE007,ARID,x
AT1G05380,PD,AT2G46830,AT1G05380,CCA1,NUE111,PHD,
AT1G05805,PD,AT3G47340,BHLH128,ASN1,NUE018,BHLH,
AT1G06070,PD,AT1G30330,AT1G06070,ARF6,ARF6,BZIP,
AT1G07520,PD,AT1G02860,AT1G07520,NLA,NUE060,GRAS,
AT1G07980,PD,AT5G07440,NF-YC10,GDH2,NUE017,CCAAT-HAP5,
AT1G10120,PD,AT5G41410,AT1G10120,BEL1,NUE076,BHLH,
AT1G10480,PD,AT5G37020,ZFP5,ARF8,ARF8,C2H2,
AT1G12260,PD,AT5G07440,VND4,GDH2,NUE017,NAC,
AT1G12260,PD,AT5G53460,VND4,GLT1,NUE016,NAC,
AT1G12260,PD,AT1G66200,VND4,GLN1;2,NUE014,NAC,
AT1G12260,PD,AT3G47520,VND4,MDH,NUE022,NAC,
AT1G12610,PD,AT1G12820,DDF1,AFB3,AFB3,AP2/EREBP,x
AT1G12610,PD,AT5G65010,DDF1,ASN2,NUE019,AP2/EREBP,x
AT1G12610,PD,AT5G41410,DDF1,BEL1,NUE076,AP2/EREBP,x
AT1G12610,PD,AT2G46830,DDF1,CCA1,NUE111,AP2/EREBP,x
AT1G12610,PD,AT4G24400,DDF1,CIPK8,NUE064,AP2/EREBP,x
AT1G12610,PD,AT2G31955,DDF1,CNX2,NUE120,AP2/EREBP,x
AT1G12610,PD,AT4G01120,DDF1,GBF2,GBF2,AP2/EREBP,x
AT1G12610,PD,AT5G07440,DDF1,GDH2,NUE017,AP2/EREBP,x
AT1G12610,PD,AT1G66200,DDF1,GLN1;2,NUE014,AP2/EREBP,x
AT1G12610,PD,AT5G67420,DDF1,LBD37,NUE071,AP2/EREBP,x
AT1G12610,PD,AT3G47520,DDF1,MDH,NUE022,AP2/EREBP,x
AT1G12610,PD,AT1G56010,DDF1,NAC1,NAC1,AP2/EREBP,x
AT1G12610,PD,AT1G54160,DDF1,NF-YA5,NF-YA5,AP2/EREBP,x
AT1G12610,PD,AT1G77760,DDF1,NIA1,NUE010,AP2/EREBP,x
AT1G12610,PD,AT1G02860,DDF1,NLA,NUE060,AP2/EREBP,x
AT1G12610,PD,AT1G64530,DDF1,NLP6,NUE132,AP2/EREBP,x
AT1G12610,PD,AT1G12110,DDF1,NRT1.1,NUE001,AP2/EREBP,x
AT1G12610,PD,AT1G78050,DDF1,PGM1,NUE124,AP2/EREBP,x
AT1G12610,PD,AT5G57390,DDF1,PLT5,NUE117,AP2/EREBP,x
AT1G12610,PD,AT5G50200,DDF1,NRT3.1,NUE007,AP2/EREBP,x
AT1G12630,PD,AT2G14210,ERF027,ANR1,NUE048,AP2/EREBP,
AT1G12630,PD,AT4G24400,ERF027,CIPK8,NUE064,AP2/EREBP,
AT1G12630,PD,AT2G31955,ERF027,CNX2,NUE120,AP2/EREBP,
AT1G12630,PD,AT1G66200,ERF027,GLN1;2,NUE014,AP2/EREBP,
AT1G12630,PD,AT3G47520,ERF027,MDH,NUE022,AP2/EREBP,
AT1G12630,PD,AT1G64530,AT1G12630,NLP6,NUE132,AP2/EREBP,
AT1G12630,PD,AT1G12110,ERF027,NRT1.1,NUE001,AP2/EREBP,
AT1G12630,PD,AT5G57390,ERF027,PLT5,NUE117,AP2/EREBP,
AT1G12630,PD,AT5G50200,ERF027,NRT3.1,NUE007,AP2/EREBP,
AT1G13260,PD,AT3G47520,RAV1,MDH,NUE022,AP2/EREBP,
AT1G13260,PD,AT1G02860,RAV1,NLA,NUE060,AP2/EREBP,
AT1G13960,PD,AT1G72330,WRKY4,ALAAT2,NUE030,WRKY,
AT1G13960,PD,AT5G37020,WRKY4,ARF8,ARF8,WRKY,
AT1G13960,PD,AT5G41410,WRKY4,BEL1,NUE076,WRKY,
AT1G13960,PD,AT5G07440,WRKY4,GDH2,NUE017,,
AT1G14350,PD,AT1G66200,FLP,GLN1;2,NUE014,MYB,
AT1G14350,PD,AT3G47520,FLP,MDH,NUE022,MYB,
AT1G14350,PD,AT4G24620,FLP,PGI1,NUE029,MYB,
AT1G14510,PD,AT2G38290,AL7,AMT2,NUE009,ALFIN-LIKE,
AT1G14580,PD,AT1G77450,AT1G14580,ANAC032,NUE083,C2H2,
AT1G14580,PD,AT2G25930,AT1G14580,ELF3,NUE131,C2H2,
AT1G14580,PD,AT4G24020,AT1G14580,NLP7,NUE063,C2H2,
AT1G14580,PD,AT1G78050,AT1G14580,PGM1,NUE124,C2H2,
AT1G16530,PD,AT1G72330,LBD3,ALAAT2,NUE030,,x
AT1G16530,PD,AT1G64780,LBD3,AMT1;2,NUE008,,x
AT1G16530,PD,AT1G77450,LBD3,ANAC032,NUE083,,x
AT1G16530,PD,AT3G47340,LBD3,ASN1,NUE018,,x
AT1G16530,PD,AT5G65010,LBD3,ASN2,NUE019,,x
AT1G16530,PD,AT2G38290,LBD3,AMT2,NUE009,,x
AT1G16530,PD,AT1G69850,LBD3,NRT1.2,NUE002,,x
AT1G16530,PD,AT3G14940,LBD3,PPC3,NUE021,,x
AT1G16530,PD,AT1G73870,LBD3,BBX16,NUE084,,x
AT1G16530,PD,AT5G41410,LBD3,BEL1,NUE076,,x
AT1G16530,PD,AT2G31955,LBD3,CNX2,NUE120,,x
AT1G16530,PD,AT2G25930,LBD3,ELF3,NUE131,,x
AT1G16530,PD,AT5G13110,LBD3,G6PD2,NUE023,,x
AT1G16530,PD,AT1G24280,LBD3,G6PD3,NUE024,,x
AT1G16530,PD,AT5G66320,LBD3,GATA5,NUE118,,x
AT1G16530,PD,AT5G07440,LBD3,GDH2,NUE017,,x
AT1G16530,PD,AT3G17820,LBD3,GLN1;3,NUE112,,x
AT1G16530,PD,AT5G35630,LBD3,GS2,NUE015,,x
AT1G16530,PD,AT1G66200,LBD3,GLN1;2,NUE014,,x
AT1G16530,PD,AT5G11260,LBD3,HY5,NUE101,,x
AT1G16530,PD,AT4G35260,LBD3,IDH1,NUE020,,x
AT1G16530,PD,AT3G47520,LBD3,MDH,NUE022,,x
AT1G16530,PD,AT1G77760,LBD3,NIA1,NUE010,,x
AT1G16530,PD,AT1G64530,LBD3,NLP6,NUE132,,x
AT1G16530,PD,AT4G24020,LBD3,NLP7,NUE063,,x
AT1G16530,PD,AT1G08090,LBD3,NRT2.1,NUE004,,x
AT1G16530,PD,AT4G24620,LBD3,PGI1,NUE029,,x
AT1G16530,PD,AT1G78050,LBD3,PGM1,NUE124,,x
AT1G16530,PD,AT5G57390,LBD3,PLT5,NUE117,,x
AT1G16530,PD,AT4G05390,LBD3,RFNR2,NUE130,,x
AT1G16530,PD,AT3G60750,LBD3,TKL,NUE027,,x
AT1G16530,PD,AT5G40850,LBD3,UPM1,NUE013,,x
AT1G16530,PD,AT5G50200,LBD3,NRT3.1,NUE007,,x
AT1G17520,PD,AT1G64530,AT1G17520,NLP6,NUE132,MYB,
AT1G19220,PD,AT4G04955,ARF19,ALN,NUE126,ARF,
AT1G19220,PD,AT5G07440,ARF19,GDH2,NUE017,ARF,
AT1G20700,PD,AT1G72330,WOX14,ALAAT2,NUE030,HB,x
AT1G20700,PD,AT5G65010,WOX14,ASN2,NUE019,HB,x
AT1G20700,PD,AT4G24400,WOX14,CIPK8,NUE064,HB,x
AT1G20700,PD,AT2G31955,WOX14,CNX2,NUE120,HB,x
AT1G20700,PD,AT2G25930,WOX14,ELF3,NUE131,HB,x
AT1G20700,PD,AT5G07440,WOX14,GDH2,NUE017,HB,x
AT1G20700,PD,AT1G66200,WOX14,GLN1;2,NUE014,HB,x
AT1G20910,PD,AT1G72330,ARID6,ALAAT2,NUE030,ARID,
AT1G20910,PD,AT3G47340,ARID6,ASN1,NUE018,ARID,
AT1G20910,PD,AT3G14940,ARID6,PPC3,NUE021,ARID,
AT1G20910,PD,AT2G31955,ARID6,CNX2,NUE120,ARID,
AT1G20910,PD,AT5G07440,ARID6,GDH2,NUE017,ARID,
AT1G21910,PD,AT1G77450,DREB26,ANAC032,NUE083,AP2/EREBP,
AT1G21910,PD,AT2G14210,DREB26,ANR1,NUE048,AP2/EREBP,
AT1G21910,PD,AT4G24400,DREB26,CIPK8,NUE064,AP2/EREBP,
AT1G21910,PD,AT2G31955,DREB26,CNX2,NUE120,AP2/EREBP,
AT1G21910,PD,AT5G07440,DREB26,GDH2,NUE017,AP2/EREBP,
AT1G21910,PD,AT1G66200,DREB26,GLN1;2,NUE014,AP2/EREBP,
AT1G21910,PD,AT3G47520,DREB26,MDH,NUE022,AP2/EREBP,
AT1G21910,PD,AT1G56010,DREB26,NAC1,NAC1,AP2/EREBP,
AT1G21910,PD,AT4G24020,DREB26,NLP7,NUE063,AP2/EREBP,
AT1G21910,PD,AT1G12110,DREB26,NRT1.1,NUE001,AP2/EREBP,
AT1G21910,PD,AT4G24620,DREB26,PGI1,NUE029,AP2/EREBP,
AT1G21910,PD,AT1G78050,DREB26,PGM1,NUE124,AP2/EREBP,
AT1G21910,PD,AT5G57390,DREB26,PLT5,NUE117,AP2/EREBP,
AT1G22070,PD,AT2G38290,TGA3,AMT2,NUE009,BZIP,
AT1G22190,PD,AT5G41410,AT1G22190,BEL1,NUE076,AP2/EREBP,
AT1G22640,PD,AT4G24400,ATMYB3,CIPK8,NUE064,MYB,
AT1G22810,PD,AT1G12820,ERF019,AFB3,AFB3,AP2/EREBP,
AT1G22810,PD,AT5G53460,ERF019,GLT1,NUE016,AP2/EREBP,
AT1G22810,PD,AT3G08590,ERF019,PGM2,NUE125,AP2/EREBP,
AT1G22985,PD,AT5G07440,ERF069,GDH2,NUE017,AP2/EREBP,
AT1G22985,PD,AT3G47520,ERF069,MDH,NUE022,AP2/EREBP,
AT1G22985,PD,AT4G24620,ERF069,PGI1,NUE029,AP2/EREBP,
AT1G24625,PD,AT3G26810,ZFP7,AFB2,AFB2,C2H2,x
AT1G24625,PD,AT1G12820,ZFP7,AFB3,AFB3,C2H2,x
AT1G24625,PD,AT1G30330,ZFP7,ARF6,ARF6,C2H2,x
AT1G24625,PD,AT5G37020,ZFP7,ARF8,ARF8,C2H2,x
AT1G24625,PD,AT1G64530,ZFP7,NLP6,NUE132,C2H2,x
AT1G24625,PD,AT4G24620,ZFP7,PGI1,NUE029,C2H2,x
AT1G24625,PD,AT5G57390,ZFP7,PLT5,NUE117,C2H2,x
AT1G25560,PD,AT3G47520,TEM1,MDH,NUE022,AP2/EREBP,
AT1G26610,PD,AT1G72330,AT1G26610,ALAAT2,NUE030,C2H2,
AT1G26610,PD,AT5G35630,AT1G26610,GS2,NUE015,C2H2,
AT1G27730,PD,AT3G26810,STZ,AFB2,AFB2,C2H2,
AT1G28470,PD,AT5G41410,ANAC010,BEL1,NUE076,NAC,
AT1G29160,PD,AT1G72330,DOF1.5,ALAAT2,NUE030,C2C2-DOF,
AT1G29280,PD,AT1G72330,WRKY65,ALAAT2,NUE030,WRKY,
AT1G30490,PD,AT3G26810,PHV,AFB2,AFB2,HB,
AT1G30490,PD,AT1G30330,PHV,ARF6,ARF6,HB,
AT1G30490,PD,AT5G07440,PHV,GDH2,NUE017,HB,
AT1G30490,PD,AT5G40850,PHV,UPM1,NUE013,HB,
AT1G30970,PD,AT3G26810,SUF4,AFB2,AFB2,C2H2,
AT1G31050,PD,AT5G07440,BHLH111,GDH2,NUE017,BHLH,
AT1G31320,PD,AT4G24400,LBD4,CIPK8,NUE064,,x
AT1G32870,PD,AT1G72330,ANAC013,ALAAT2,NUE030,NAC,
AT1G34180,PD,AT1G72330,ANAC016,ALAAT2,NUE030,NAC,
AT1G34180,PD,AT2G38290,ANAC016,AMT2,NUE009,NAC,
AT1G34190,PD,AT1G72330,ANAC017,ALAAT2,NUE030,NAC,
AT1G35560,PD,AT2G31955,TCP23,CNX2,NUE120,TCP,
AT1G35560,PD,AT1G77760,TCP23,NIA1,NUE010,TCP,
AT1G43700,PD,AT1G69850,VIP1,NRT1.2,NUE002,BZIP,x
AT1G43700,PD,AT1G78050,VIP1,PGM1,NUE124,BZIP,x
AT1G43700,PD,AT5G57390,VIP1,PLT5,NUE117,BZIP,x
AT1G43700,PD,AT5G50200,VIP1,NRT3.1,NUE007,BZIP,x
AT1G44830,PD,AT2G14210,ERF014,ANR1,NUE048,AP2/EREBP,
AT1G47270,PD,AT5G07440,TLP6,GDH2,NUE017,,
AT1G47870,PD,AT1G72330,ATE2F2,ALAAT2,NUE030,E2F/DP,
AT1G47870,PD,AT2G14210,ATE2F2,ANR1,NUE048,E2F/DP,
AT1G47870,PD,AT5G65010,ATE2F2,ASN2,NUE019,E2F/DP,
AT1G47870,PD,AT1G69850,ATE2F2,NRT1.2,NUE002,E2F/DP,
AT1G47870,PD,AT5G41410,ATE2F2,BEL1,NUE076,E2F/DP,
AT1G47870,PD,AT2G46830,ATE2F2,CCA1,NUE111,E2F/DP,
AT1G47870,PD,AT4G24400,ATE2F2,CIPK8,NUE064,E2F/DP,
AT1G47870,PD,AT5G13110,ATE2F2,G6PD2,NUE023,E2F/DP,
AT1G47870,PD,AT1G66200,ATE2F2,GLN1;2,NUE014,E2F/DP,
AT1G47870,PD,AT3G47520,ATE2F2,MDH,NUE022,E2F/DP,
AT1G47870,PD,AT1G56010,ATE2F2,NAC1,NAC1,E2F/DP,
AT1G47870,PD,AT1G54160,ATE2F2,NF-YA5,NF-YA5,E2F/DP,
AT1G47870,PD,AT1G77760,ATE2F2,NIA1,NUE010,E2F/DP,
AT1G47870,PD,AT2G15620,ATE2F2,NIR1,NUE012,E2F/DP,
AT1G47870,PD,AT1G02860,ATE2F2,NLA,NUE060,E2F/DP,
AT1G47870,PD,AT1G64530,ATE2F2,NLP6,NUE132,E2F/DP,
AT1G47870,PD,AT1G12110,ATE2F2,NRT1.1,NUE001,E2F/DP,
AT1G47870,PD,AT1G08090,ATE2F2,NRT2.1,NUE004,E2F/DP,
AT1G47870,PD,AT4G24620,ATE2F2,PGI1,NUE029,E2F/DP,
AT1G47870,PD,AT1G78050,ATE2F2,PGM1,NUE124,E2F/DP,
AT1G47870,PD,AT5G57390,ATE2F2,PLT5,NUE117,E2F/DP,
AT1G47870,PD,AT5G50200,ATE2F2,NRT3.1,NUE007,E2F/DP,
AT1G48000,PD,AT2G31955,MYB112,CNX2,NUE120,MYB,
AT1G48000,PD,AT5G07440,MYB112,GDH2,NUE017,,
AT1G49720,PD,AT5G07440,ABF1,GDH2,NUE017,,
AT1G50640,PD,AT1G12820,ERF3,AFB3,AFB3,AP2/EREBP,
AT1G50640,PD,AT2G14210,ERF3,ANR1,NUE048,AP2/EREBP,
AT1G50640,PD,AT1G69850,ERF3,NRT1.2,NUE002,AP2/EREBP,
AT1G50640,PD,AT4G24400,ERF3,CIPK8,NUE064,AP2/EREBP,
AT1G50640,PD,AT5G07440,ERF3,GDH2,NUE017,,
AT1G50640,PD,AT5G53460,ERF3,GLT1,NUE016,AP2/EREBP,
AT1G50640,PD,AT1G66200,ERF3,GLN1;2,NUE014,AP2/EREBP,
AT1G50640,PD,AT1G77760,ERF3,NIA1,NUE010,AP2/EREBP,
AT1G50640,PD,AT1G64530,ERF3,NLP6,NUE132,AP2/EREBP,
AT1G50640,PD,AT5G57390,ERF3,PLT5,NUE117,AP2/EREBP,
AT1G50640,PD,AT5G50200,ERF3,NRT3.1,NUE007,AP2/EREBP,
AT1G51600,PD,AT1G12820,ZML2,AFB3,AFB3,C2C2-GATA,x
AT1G51600,PD,AT2G14210,ZML2,ANR1,NUE048,C2C2-GATA,x
AT1G51600,PD,AT3G47340,ZML2,ASN1,NUE018,C2C2-GATA,x
AT1G51600,PD,AT3G14940,ZML2,PPC3,NUE021,C2C2-GATA,x
AT1G51600,PD,AT2G31955,ZML2,CNX2,NUE120,C2C2-GATA,x
AT1G51600,PD,AT2G25930,ZML2,ELF3,NUE131,C2C2-GATA,x
AT1G51600,PD,AT5G07440,ZML2,GDH2,NUE017,C2C2-GATA,x
AT1G51600,PD,AT5G67420,ZML2,LBD37,NUE071,C2C2-GATA,x
AT1G51600,PD,AT3G47520,ZML2,MDH,NUE022,C2C2-GATA,x
AT1G51600,PD,AT1G77760,ZML2,NIA1,NUE010,C2C2-GATA,x
AT1G51600,PD,AT1G12110,ZML2,NRT1.1,NUE001,C2C2-GATA,x
AT1G51600,PD,AT5G50200,ZML2,NRT3.1,NUE007,C2C2-GATA,x
AT1G53170,PD,AT5G53460,ERF8,GLT1,NUE016,AP2/EREBP,
AT1G53910,PD,AT1G72330,RAP2.12,ALAAT2,NUE030,AP2/EREBP,
AT1G53910,PD,AT5G07440,RAP2.12,GDH2,NUE017,AP2/EREBP,
AT1G53910,PD,AT3G47520,RAP2.12,MDH,NUE022,AP2/EREBP,
AT1G54060,PD,AT1G12820,ASIL1,AFB3,AFB3,TRIHELIX,
AT1G54060,PD,AT1G72330,ASIL1,ALAAT2,NUE030,TRIHELIX,
AT1G54060,PD,AT2G14210,ASIL1,ANR1,NUE048,TRIHELIX,
AT1G54060,PD,AT4G24400,ASIL1,CIPK8,NUE064,TRIHELIX,
AT1G54060,PD,AT2G31955,ASIL1,CNX2,NUE120,TRIHELIX,
AT1G54060,PD,AT2G25930,ASIL1,ELF3,NUE131,TRIHELIX,
AT1G54060,PD,AT5G07440,ASIL1,GDH2,NUE017,TRIHELIX,
AT1G54060,PD,AT1G66200,ASIL1,GLN1;2,NUE014,TRIHELIX,
AT1G54060,PD,AT3G47520,ASIL1,MDH,NUE022,TRIHELIX,
AT1G54060,PD,AT1G56010,ASIL1,NAC1,NAC1,TRIHELIX,
AT1G54060,PD,AT1G77760,ASIL1,NIA1,NUE010,TRIHELIX,
AT1G54060,PD,AT4G24620,ASIL1,PGI1,NUE029,TRIHELIX,
AT1G54060,PD,AT1G78050,ASIL1,PGM1,NUE124,TRIHELIX,
AT1G54060,PD,AT5G57390,ASIL1,PLT5,NUE117,TRIHELIX,
AT1G54830,PD,AT2G25930,NF-YC3,ELF3,NUE131,CCAAT-HAP5,
AT1G56170,PD,AT2G38290,HAP5B,AMT2,NUE009,CCAAT-HAP5,
AT1G58100,PD,AT1G12820,TCP8,AFB3,AFB3,TCP,
AT1G58220,PD,AT3G26810,AT1G58220,AFB2,AFB2,MYB,
AT1G61730,PD,AT1G12820,AT1G61730,AFB3,AFB3,GEBP,x
AT1G61730,PD,AT5G60910,AT1G61730,AGL8,NUE050,GEBP,x
AT1G61730,PD,AT1G72330,AT1G61730,ALAAT2,NUE030,GEBP,x
AT1G61730,PD,AT1G77450,AT1G61730,ANAC032,NUE083,GEBP,x
AT1G61730,PD,AT2G14210,AT1G61730,ANR1,NUE048,GEBP,x
AT1G61730,PD,AT5G37020,AT1G61730,ARF8,ARF8,GEBP,x
AT1G61730,PD,AT5G65010,AT1G61730,ASN2,NUE019,GEBP,x
AT1G61730,PD,AT2G38290,AT1G61730,AMT2,NUE009,GEBP,x
AT1G61730,PD,AT5G41410,AT1G61730,BEL1,NUE076,GEBP,x
AT1G61730,PD,AT2G46830,AT1G61730,CCA1,NUE111,GEBP,x
AT1G61730,PD,AT4G24400,AT1G61730,CIPK8,NUE064,GEBP,x
AT1G61730,PD,AT2G31955,AT1G61730,CNX2,NUE120,GEBP,x
AT1G61730,PD,AT2G25930,AT1G61730,ELF3,NUE131,GEBP,x
AT1G61730,PD,AT4G01120,AT1G61730,GBF2,GBF2,GEBP,x
AT1G61730,PD,AT5G07440,AT1G61730,GDH2,NUE017,GEBP,x
AT1G61730,PD,AT1G66200,AT1G61730,GLN1;2,NUE014,GEBP,x
AT1G61730,PD,AT5G67420,AT1G61730,LBD37,NUE071,GEBP,x
AT1G61730,PD,AT3G47520,AT1G61730,MDH,NUE022,GEBP,x
AT1G61730,PD,AT1G56010,AT1G61730,NAC1,NAC1,GEBP,x
AT1G61730,PD,AT1G54160,AT1G61730,NF-YA5,NF-YA5,GEBP,x
AT1G61730,PD,AT1G77760,AT1G61730,NIA1,NUE010,GEBP,x
AT1G61730,PD,AT2G15620,AT1G61730,NIR1,NUE012,GEBP,x
AT1G61730,PD,AT1G02860,AT1G61730,NLA,NUE060,GEBP,x
AT1G61730,PD,AT1G64530,AT1G61730,NLP6,NUE132,GEBP,x
AT1G61730,PD,AT4G24020,AT1G61730,NLP7,NUE063,GEBP,x
AT1G61730,PD,AT1G12110,AT1G61730,NRT1.1,NUE001,GEBP,x
AT1G61730,PD,AT1G08090,AT1G61730,NRT2.1,NUE004,GEBP,x
AT1G61730,PD,AT4G24620,AT1G61730,PGI1,NUE029,GEBP,x
AT1G61730,PD,AT1G78050,AT1G61730,PGM1,NUE124,GEBP,x
AT1G61730,PD,AT5G57390,AT1G61730,PLT5,NUE117,GEBP,x
AT1G61730,PD,AT5G40850,AT1G61730,UPM1,NUE013,GEBP,x
AT1G61730,PD,AT5G50200,AT1G61730,NRT3.1,NUE007,GEBP,x
AT1G63910,PD,AT4G04955,AtMYB103,ALN,NUE126,MYB,
AT1G66230,PD,AT4G04955,MYB20,ALN,NUE126,MYB,
AT1G66230,PD,AT2G25930,MYB20,ELF3,NUE131,MYB,
AT1G67030,PD,AT5G37020,ZFP6,ARF8,ARF8,C2H2,
AT1G68130,PD,AT3G47520,AtIDD14,MDH,NUE022,C2H2,
AT1G68130,PD,AT1G64530,AtIDD14,NLP6,NUE132,C2H2,
AT1G68200,PD,AT3G26810,AT1G68200,AFB2,AFB2,C3H,
AT1G68360,PD,AT5G60910,AT1G68360,AGL8,NUE050,C2H2,
AT1G68360,PD,AT2G14210,AT1G68360,ANR1,NUE048,C2H2,
AT1G68360,PD,AT1G69850,AT1G68360,NRT1.2,NUE002,C2H2,
AT1G68360,PD,AT5G41410,AT1G68360,BEL1,NUE076,C2H2,
AT1G68360,PD,AT4G24400,AT1G68360,CIPK8,NUE064,C2H2,
AT1G68360,PD,AT2G31955,AT1G68360,CNX2,NUE120,C2H2,
AT1G68360,PD,AT5G07440,AT1G68360,GDH2,NUE017,C2H2,
AT1G68360,PD,AT1G66200,AT1G68360,GLN1;2,NUE014,C2H2,
AT1G68360,PD,AT5G67420,AT1G68360,LBD37,NUE071,C2H2,
AT1G68360,PD,AT1G56010,AT1G68360,NAC1,NAC1,C2H2,
AT1G68360,PD,AT1G54160,AT1G68360,NF-YA5,NF-YA5,C2H2,
AT1G68360,PD,AT1G77760,AT1G68360,NIA1,NUE010,C2H2,
AT1G68360,PD,AT2G15620,AT1G68360,NIR1,NUE012,C2H2,
AT1G68360,PD,AT1G02860,AT1G68360,NLA,NUE060,C2H2,
AT1G68360,PD,AT1G64530,AT1G68360,NLP6,NUE132,C2H2,
AT1G68360,PD,AT4G24020,AT1G68360,NLP7,NUE063,C2H2,
AT1G68360,PD,AT1G12110,AT1G68360,NRT1.1,NUE001,C2H2,
AT1G68360,PD,AT5G57390,AT1G68360,PLT5,NUE117,C2H2,
AT1G68360,PD,AT5G50200,AT1G68360,NRT3.1,NUE007,C2H2,
AT1G68640,PD,AT5G41410,PAN,BEL1,NUE076,BZIP,
AT1G68840,PD,AT5G13110,RAV2,G6PD2,NUE023,AP2/EREBP,x
AT1G68840,PD,AT3G47520,RAV2,MDH,NUE022,AP2/EREBP,x
AT1G68840,PD,AT1G02860,RAV2,NLA,NUE060,AP2/EREBP,x
AT1G68840,PD,AT5G40850,RAV2,UPM1,NUE013,AP2/EREBP,x
AT1G68920,PD,AT5G13110,BHLH49,G6PD2,NUE023,BHLH,
AT1G68920,PD,AT1G66200,BHLH49,GLN1;2,NUE014,BHLH,
AT1G68920,PD,AT3G47520,BHLH49,MDH,NUE022,BHLH,
AT1G68920,PD,AT1G56010,BHLH49,NAC1,NAC1,BHLH,
AT1G68920,PD,AT2G15620,BHLH49,NIR1,NUE012,BHLH,
AT1G68920,PD,AT1G02860,BHLH49,NLA,NUE060,BHLH,
AT1G68920,PD,AT5G40850,BHLH49,UPM1,NUE013,BHLH,
AT1G69010,PD,AT3G47520,BIM2,MDH,NUE022,BHLH,
AT1G69010,PD,AT4G24620,BIM2,PGI1,NUE029,BHLH,
AT1G69170,PD,AT2G38290,SPL6,AMT2,NUE009,SBP,
AT1G69310,PD,AT1G72330,WRKY57,ALAAT2,NUE030,WRKY,
AT1G69310,PD,AT2G31955,WRKY57,CNX2,NUE120,WRKY,
AT1G69310,PD,AT5G07440,WRKY57,GDH2,NUE017,WRKY,
AT1G69490,PD,AT5G41410,NAP,BEL1,NUE076,NAC,
AT1G69600,PD,AT1G30330,ZFHD1,ARF6,ARF6,ZF-HD,
AT1G71130,PD,AT1G12820,ERF070,AFB3,AFB3,AP2/EREBP,x
AT1G71130,PD,AT2G14210,ERF070,ANR1,NUE048,AP2/EREBP,x
AT1G71130,PD,AT5G65010,ERF070,ASN2,NUE019,AP2/EREBP,x
AT1G71130,PD,AT1G69850,ERF070,NRT1.2,NUE002,AP2/EREBP,x
AT1G71130,PD,AT4G24400,ERF070,CIPK8,NUE064,AP2/EREBP,x
AT1G71130,PD,AT2G31955,ERF070,CNX2,NUE120,AP2/EREBP,x
AT1G71130,PD,AT5G13110,ERF070,G6PD2,NUE023,AP2/EREBP,x
AT1G71130,PD,AT5G07440,ERF070,GDH2,NUE017,AP2/EREBP,x
AT1G71130,PD,AT5G53460,ERF070,GLT1,NUE016,AP2/EREBP,x
AT1G71130,PD,AT1G66200,ERF070,GLN1;2,NUE014,AP2/EREBP,x
AT1G71130,PD,AT3G47520,ERF070,MDH,NUE022,AP2/EREBP,x
AT1G71130,PD,AT1G56010,ERF070,NAC1,NAC1,AP2/EREBP,x
AT1G71130,PD,AT1G77760,ERF070,NIA1,NUE010,AP2/EREBP,x
AT1G71130,PD,AT1G02860,ERF070,NLA,NUE060,AP2/EREBP,x
AT1G71130,PD,AT1G64530,AT1G71130,NLP6,NUE132,AP2/EREBP,x
AT1G71130,PD,AT1G12110,ERF070,NRT1.1,NUE001,AP2/EREBP,x
AT1G71130,PD,AT1G08090,ERF070,NRT2.1,NUE004,AP2/EREBP,x
AT1G71130,PD,AT4G24620,ERF070,PGI1,NUE029,AP2/EREBP,x
AT1G71130,PD,AT1G78050,ERF070,PGM1,NUE124,AP2/EREBP,x
AT1G71130,PD,AT5G57390,ERF070,PLT5,NUE117,AP2/EREBP,x
AT1G71130,PD,AT5G50200,ERF070,NRT3.1,NUE007,AP2/EREBP,x
AT1G72360,PD,AT2G15620,HRE1,NIR1,NUE012,AP2/EREBP,
AT1G72570,PD,AT3G26810,AIL1,AFB2,AFB2,,
AT1G73360,PD,AT1G30330,HDG11,ARF6,ARF6,,
AT1G73730,PD,AT5G41410,EIL3,BEL1,NUE076,EIL,
AT1G73730,PD,AT5G66320,EIL3,GATA5,NUE118,EIL,
AT1G73730,PD,AT5G07440,EIL3,GDH2,NUE017,EIL,
AT1G73730,PD,AT3G60750,EIL3,TKL,NUE027,EIL,
AT1G75240,PD,AT1G30330,HB33,ARF6,ARF6,ZF-HD,
AT1G75240,PD,AT4G24400,HB33,CIPK8,NUE064,ZF-HD,
AT1G75540,PD,AT1G32450,BBX21,NRT1.5,NUE003,C2C2-CO-LIKE,
AT1G75710,PD,AT5G07440,AT1G75710,GDH2,NUE017,C2H2,
AT1G76350,PD,AT2G31955,NLP5,CNX2,NUE120,NIN-LIKE,x
AT1G76350,PD,AT4G35260,NLP5,IDH1,NUE020,NIN-LIKE,x
AT1G76350,PD,AT2G15620,NLP5,NIR1,NUE012,NIN-LIKE,x
AT1G76350,PD,AT4G24620,NLP5,PGI1,NUE029,NIN-LIKE,x
AT1G76350,PD,AT3G60750,NLP5,TKL,NUE027,NIN-LIKE,x
AT1G76510,PD,AT1G72330,ARID5,ALAAT2,NUE030,ARID,x
AT1G76510,PD,AT1G77450,ARID5,ANAC032,NUE083,ARID,x
AT1G76510,PD,AT4G24400,ARID5,CIPK8,NUE064,ARID,x
AT1G76510,PD,AT5G35630,ARID5,GS2,NUE015,ARID,x
AT1G76510,PD,AT4G24620,ARID5,PGI1,NUE029,ARID,x
AT1G76880,PD,AT5G60910,AT1G76880,AGL8,NUE050,TRIHELIX,x
AT1G76880,PD,AT2G14210,AT1G76880,ANR1,NUE048,TRIHELIX,x
AT1G76880,PD,AT3G47340,AT1G76880,ASN1,NUE018,TRIHELIX,x
AT1G76880,PD,AT1G69850,AT1G76880,NRT1.2,NUE002,TRIHELIX,x
AT1G76880,PD,AT4G24400,AT1G76880,CIPK8,NUE064,TRIHELIX,x
AT1G76880,PD,AT1G56010,AT1G76880,NAC1,NAC1,TRIHELIX,x
AT1G76880,PD,AT1G77760,AT1G76880,NIA1,NUE010,TRIHELIX,x
AT1G76880,PD,AT2G15620,AT1G76880,NIR1,NUE012,TRIHELIX,x
AT1G76880,PD,AT5G50200,AT1G76880,NRT3.1,NUE007,TRIHELIX,x
AT1G76900,PD,AT5G07440,AtTLP1,GDH2,NUE017,TUB,
AT1G77570,PD,AT5G07440,AT1G77570,GDH2,NUE017,,
AT1G77640,PD,AT2G14210,ERF013,ANR1,NUE048,AP2/EREBP,
AT1G77640,PD,AT5G07440,ERF013,GDH2,NUE017,AP2/EREBP,
AT1G78080,PD,AT2G31955,RAP2.4,CNX2,NUE120,AP2/EREBP,
AT1G78600,PD,AT2G46830,LZF1,CCA1,NUE111,C2C2-CO-LIKE,
AT1G78600,PD,AT5G07440,LZF1,GDH2,NUE017,C2C2-CO-LIKE,
AT1G78600,PD,AT1G32450,LZF1,NRT1.5,NUE003,C2C2-CO-LIKE,
AT1G79180,PD,AT1G73870,ATMYB63,BBX16,NUE084,MYB,
AT1G79180,PD,AT5G53460,ATMYB63,GLT1,NUE016,MYB,
AT1G80840,PD,AT3G26810,WRKY40,AFB2,AFB2,WRKY,
AT2G02540,PD,AT1G72330,HB21,ALAAT2,NUE030,ZF-HD,
AT2G02540,PD,AT4G04955,HB21,ALN,NUE126,ZF-HD,
AT2G02540,PD,AT3G47340,HB21,ASN1,NUE018,ZF-HD,
AT2G02540,PD,AT1G30270,HB21,CIPK23,NUE065,ZF-HD,
AT2G02540,PD,AT4G24400,HB21,CIPK8,NUE064,ZF-HD,
AT2G02540,PD,AT2G31955,HB21,CNX2,NUE120,ZF-HD,
AT2G02540,PD,AT4G01120,HB21,GBF2,GBF2,ZF-HD,
AT2G02540,PD,AT5G07440,HB21,GDH2,NUE017,ZF-HD,
AT2G02540,PD,AT1G66200,HB21,GLN1;2,NUE014,ZF-HD,
AT2G02540,PD,AT1G64530,HB21,NLP6,NUE132,ZF-HD,
AT2G02540,PD,AT4G24020,HB21,NLP7,NUE063,ZF-HD,
AT2G04880,PD,AT5G37020,ZAP1,ARF8,ARF8,WRKY,
AT2G04880,PD,AT2G31955,ZAP1,CNX2,NUE120,WRKY,
AT2G16400,PD,AT5G07440,BLH7,GDH2,NUE017,,
AT2G18280,PD,AT5G07440,AtTLP2,GDH2,NUE017,TUB,
AT2G18380,PD,AT5G07440,GATA20,GDH2,NUE017,,
AT2G20880,PD,AT4G24400,ERF053,CIPK8,NUE064,AP2/EREBP,
AT2G20880,PD,AT2G31955,ERF053,CNX2,NUE120,AP2/EREBP,
AT2G20880,PD,AT1G66200,ERF053,GLN1;2,NUE014,AP2/EREBP,
AT2G21230,PD,AT3G26810,BZIP30,AFB2,AFB2,BZIP,
AT2G21230,PD,AT1G30330,BZIP30,ARF6,ARF6,BZIP,
AT2G21230,PD,AT5G37020,BZIP30,ARF8,ARF8,BZIP,
AT2G21230,PD,AT1G66200,BZIP30,GLN1;2,NUE014,BZIP,
AT2G21230,PD,AT3G47520,BZIP30,MDH,NUE022,BZIP,
AT2G21230,PD,AT1G12110,BZIP30,NRT1.1,NUE001,BZIP,
AT2G21320,PD,AT5G07440,AT2G21320,GDH2,NUE017,C2C2-CO-LIKE,
AT2G22430,PD,AT1G73870,HB6,BBX16,NUE084,HB,
AT2G22430,PD,AT5G60770,HB6,NRT2.4,NUE005,HB,
AT2G22840,PD,AT2G14210,GRF1,ANR1,NUE048,GRF,
AT2G22840,PD,AT1G69850,GRF1,NRT1.2,NUE002,GRF,
AT2G22840,PD,AT5G41410,AtGRF1,BEL1,NUE076,GRF,
AT2G22840,PD,AT4G24400,GRF1,CIPK8,NUE064,GRF,
AT2G22840,PD,AT2G31955,GRF1,CNX2,NUE120,GRF,
AT2G22840,PD,AT5G53460,GRF1,GLT1,NUE016,GRF,
AT2G22840,PD,AT1G66200,GRF1,GLN1;2,NUE014,GRF,
AT2G22840,PD,AT3G47520,GRF1,MDH,NUE022,GRF,
AT2G22840,PD,AT1G64530,AtGRF1,NLP6,NUE132,GRF,
AT2G22840,PD,AT1G12110,GRF1,NRT1.1,NUE001,GRF,
AT2G22840,PD,AT5G57390,GRF1,PLT5,NUE117,GRF,
AT2G22850,PD,AT2G46830,AtbZIP6,CCA1,NUE111,BZIP,
AT2G22850,PD,AT5G50200,AtbZIP6,NRT3.1,NUE007,BZIP,
AT2G22900,PD,AT1G77450,GT7,ANAC032,NUE083,CAMTA,
AT2G23290,PD,AT1G12820,AtMYB70,AFB3,AFB3,MYB,x
AT2G23290,PD,AT1G72330,AtMYB70,ALAAT2,NUE030,MYB,x
AT2G23290,PD,AT2G14210,AtMYB70,ANR1,NUE048,MYB,x
AT2G23290,PD,AT1G69850,AtMYB70,NRT1.2,NUE002,MYB,x
AT2G23290,PD,AT5G41410,AtMYB70,BEL1,NUE076,MYB,x
AT2G23290,PD,AT4G24400,AtMYB70,CIPK8,NUE064,MYB,x
AT2G23290,PD,AT2G31955,AtMYB70,CNX2,NUE120,MYB,x
AT2G23290,PD,AT5G13110,AtMYB70,G6PD2,NUE023,MYB,x
AT2G23290,PD,AT5G07440,AtMYB70,GDH2,NUE017,MYB,x
AT2G23290,PD,AT5G53460,AtMYB70,GLT1,NUE016,MYB,x
AT2G23290,PD,AT1G66200,AtMYB70,GLN1;2,NUE014,MYB,x
AT2G23290,PD,AT1G56010,AtMYB70,NAC1,NAC1,MYB,x
AT2G23290,PD,AT1G77760,AtMYB70,NIA1,NUE010,MYB,x
AT2G23290,PD,AT1G02860,AtMYB70,NLA,NUE060,MYB,x
AT2G23290,PD,AT1G64530,AtMYB70,NLP6,NUE132,MYB,x
AT2G23290,PD,AT4G24620,AtMYB70,PGI1,NUE029,MYB,x
AT2G23290,PD,AT1G78050,AtMYB70,PGM1,NUE124,MYB,x
AT2G23290,PD,AT5G57390,AtMYB70,PLT5,NUE117,MYB,x
AT2G23290,PD,AT5G50200,AtMYB70,NRT3.1,NUE007,MYB,x
AT2G23320,PD,AT3G26810,WRKY15,AFB2,AFB2,WRKY,
AT2G23320,PD,AT1G72330,WRKY15,ALAAT2,NUE030,WRKY,
AT2G23320,PD,AT2G14210,WRKY15,ANR1,NUE048,WRKY,
AT2G24500,PD,AT5G07440,FZF,GDH2,NUE017,C2H2,
AT2G24570,PD,AT2G14210,WRKY17,ANR1,NUE048,WRKY,
AT2G24570,PD,AT5G37020,WRKY17,ARF8,ARF8,WRKY,
AT2G24790,PD,AT5G37020,COL3,ARF8,ARF8,,
AT2G26150,PD,AT5G07440,ATHSFA2,GDH2,NUE017,HSF,
AT2G26940,PD,AT1G72330,AT2G26940,ALAAT2,NUE030,C2H2,
AT2G26940,PD,AT5G41410,AT2G26940,BEL1,NUE076,C2H2,
AT2G26940,PD,AT5G35630,AT2G26940,GS2,NUE015,C2H2,
AT2G27300,PD,AT2G25930,ANAC040,ELF3,NUE131,NAC,
AT2G27300,PD,AT5G07440,ANAC040,GDH2,NUE017,NAC,
AT2G27300,PD,AT5G57390,ANAC040,PLT5,NUE117,NAC,
AT2G30590,PD,AT1G72330,WRKY21,ALAAT2,NUE030,WRKY,
AT2G31230,PD,AT4G04955,ERF15,ALN,NUE126,AP2/EREBP,
AT2G31230,PD,AT1G77450,ERF15,ANAC032,NUE083,AP2/EREBP,
AT2G31230,PD,AT2G14210,ERF15,ANR1,NUE048,AP2/EREBP,
AT2G31230,PD,AT1G69850,ERF15,NRT1.2,NUE002,AP2/EREBP,
AT2G31230,PD,AT5G07440,ERF15,GDH2,NUE017,AP2/EREBP,
AT2G31230,PD,AT3G17820,ERF15,GLN1;3,NUE112,AP2/EREBP,
AT2G31230,PD,AT5G53460,ERF15,GLT1,NUE016,AP2/EREBP,
AT2G31230,PD,AT1G66200,ERF15,GLN1;2,NUE014,AP2/EREBP,
AT2G31230,PD,AT3G47520,ERF15,MDH,NUE022,AP2/EREBP,
AT2G31230,PD,AT1G56010,ERF15,NAC1,NAC1,AP2/EREBP,
AT2G31230,PD,AT1G37130,ERF15,NIA2,NUE011,AP2/EREBP,
AT2G31230,PD,AT5G60770,ERF15,NRT2.4,NUE005,AP2/EREBP,
AT2G31230,PD,AT3G08590,ERF15,PGM2,NUE125,AP2/EREBP,
AT2G31230,PD,AT5G57390,ERF15,PLT5,NUE117,AP2/EREBP,
AT2G31230,PD,AT4G05390,ERF15,RFNR1,NUE129,AP2/EREBP,
AT2G31230,PD,AT5G50200,ERF15,NRT3.1,NUE007,AP2/EREBP,
AT2G33480,PD,AT5G07440,ANAC041,GDH2,NUE017,NAC,
AT2G33860,PD,AT1G30330,ETT,ARF6,ARF6,ARF,
AT2G35530,PD,AT4G04955,bZIP16,ALN,NUE126,BZIP,
AT2G35530,PD,AT1G77450,bZIP16,ANAC032,NUE083,BZIP,
AT2G35530,PD,AT2G14210,bZIP16,ANR1,NUE048,BZIP,
AT2G35530,PD,AT3G47340,bZIP16,ASN1,NUE018,BZIP,
AT2G35530,PD,AT5G57390,bZIP16,PLT5,NUE117,BZIP,
AT2G35530,PD,AT5G50200,bZIP16,NRT3.1,NUE007,BZIP,
AT2G36270,PD,AT3G26810,ABI5,AFB2,AFB2,,
AT2G36400,PD,AT5G53460,AtGRF3,GLT1,NUE016,GRF,
AT2G36400,PD,AT1G66200,AtGRF3,GLN1;2,NUE014,GRF,
AT2G36720,PD,AT5G07440,AT2G36720,GDH2,NUE017,PHD,
AT2G37430,PD,AT5G60770,ZAT11,NRT2.4,NUE005,C2H2,
AT2G37630,PD,AT2G25930,ATPHAN,ELF3,NUE131,MYB,
AT2G38340,PD,AT1G12820,DREB19,AFB3,AFB3,AP2/EREBP,
AT2G38340,PD,AT5G37020,DREB19,ARF8,ARF8,AP2/EREBP,
AT2G38340,PD,AT5G07440,DREB19,GDH2,NUE017,,
AT2G38340,PD,AT1G64530,DREB19,NLP6,NUE132,AP2/EREBP,
AT2G38470,PD,AT1G72330,WRKY33,ALAAT2,NUE030,WRKY,
AT2G38470,PD,AT5G37020,WRKY33,ARF8,ARF8,WRKY,
AT2G40620,PD,AT1G12820,AT2G40620,AFB3,AFB3,BZIP,
AT2G40620,PD,AT3G08590,AT2G40620,PGM2,NUE125,BZIP,
AT2G40950,PD,AT1G12820,BZIP17,AFB3,AFB3,BZIP,
AT2G40950,PD,AT1G72330,BZIP17,ALAAT2,NUE030,BZIP,
AT2G40950,PD,AT2G14210,BZIP17,ANR1,NUE048,BZIP,
AT2G40950,PD,AT5G07440,BZIP17,GDH2,NUE017,BZIP,
AT2G40950,PD,AT5G35630,BZIP17,GS2,NUE015,BZIP,
AT2G40950,PD,AT1G64530,BZIP17,NLP6,NUE132,BZIP,
AT2G40950,PD,AT5G57390,BZIP17,PLT5,NUE117,BZIP,
AT2G41070,PD,AT5G53460,EEL,GLT1,NUE016,BZIP,x
AT2G42830,PD,AT5G07440,SHP2,GDH2,NUE017,,
AT2G44730,PD,AT1G12820,AT2G44730,AFB3,AFB3,TRIHELIX,x
AT2G44730,PD,AT5G60910,AT2G44730,AGL8,NUE050,TRIHELIX,x
AT2G44730,PD,AT1G72330,AT2G44730,ALAAT2,NUE030,TRIHELIX,x
AT2G44730,PD,AT1G77450,AT2G44730,ANAC032,NUE083,TRIHELIX,x
AT2G44730,PD,AT2G14210,AT2G44730,ANR1,NUE048,TRIHELIX,x
AT2G44730,PD,AT3G47340,AT2G44730,ASN1,NUE018,TRIHELIX,x
AT2G44730,PD,AT5G65010,AT2G44730,ASN2,NUE019,TRIHELIX,x
AT2G44730,PD,AT2G38290,AT2G44730,AMT2,NUE009,TRIHELIX,x
AT2G44730,PD,AT1G69850,AT2G44730,NRT1.2,NUE002,TRIHELIX,x
AT2G44730,PD,AT5G41410,AT2G44730,BEL1,NUE076,TRIHELIX,x
AT2G44730,PD,AT2G46830,AT2G44730,CCA1,NUE111,TRIHELIX,x
AT2G44730,PD,AT4G24400,AT2G44730,CIPK8,NUE064,TRIHELIX,x
AT2G44730,PD,AT2G31955,AT2G44730,CNX2,NUE120,TRIHELIX,x
AT2G44730,PD,AT2G25930,AT2G44730,ELF3,NUE131,TRIHELIX,x
AT2G44730,PD,AT5G13110,AT2G44730,G6PD2,NUE023,TRIHELIX,x
AT2G44730,PD,AT4G01120,AT2G44730,GBF2,GBF2,TRIHELIX,x
AT2G44730,PD,AT5G07440,AT2G44730,GDH2,NUE017,TRIHELIX,x
AT2G44730,PD,AT5G53460,AT2G44730,GLT1,NUE016,TRIHELIX,x
AT2G44730,PD,AT1G66200,AT2G44730,GLN1;2,NUE014,TRIHELIX,x
AT2G44730,PD,AT5G67420,AT2G44730,LBD37,NUE071,TRIHELIX,x
AT2G44730,PD,AT3G47520,AT2G44730,MDH,NUE022,TRIHELIX,x
AT2G44730,PD,AT1G56010,AT2G44730,NAC1,NAC1,TRIHELIX,x
AT2G44730,PD,AT1G54160,AT2G44730,NF-YA5,NF-YA5,TRIHELIX,x
AT2G44730,PD,AT1G77760,AT2G44730,NIA1,NUE010,TRIHELIX,x
AT2G44730,PD,AT2G15620,AT2G44730,NIR1,NUE012,TRIHELIX,x
AT2G44730,PD,AT1G02860,AT2G44730,NLA,NUE060,TRIHELIX,x
AT2G44730,PD,AT1G64530,AT2G44730,NLP6,NUE132,TRIHELIX,x
AT2G44730,PD,AT4G24020,AT2G44730,NLP7,NUE063,TRIHELIX,x
AT2G44730,PD,AT1G12110,AT2G44730,NRT1.1,NUE001,TRIHELIX,x
AT2G44730,PD,AT4G24620,AT2G44730,PGI1,NUE029,TRIHELIX,x
AT2G44730,PD,AT1G78050,AT2G44730,PGM1,NUE124,TRIHELIX,x
AT2G44730,PD,AT5G57390,AT2G44730,PLT5,NUE117,TRIHELIX,x
AT2G44730,PD,AT5G50200,AT2G44730,NRT3.1,NUE007,TRIHELIX,x
AT2G45680,PD,AT1G77760,TCP9,NIA1,NUE010,TCP,
AT2G46270,PD,AT1G72330,GBF3,ALAAT2,NUE030,BZIP,
AT2G46270,PD,AT2G14210,GBF3,ANR1,NUE048,BZIP,
AT2G46270,PD,AT5G65010,GBF3,ASN2,NUE019,BZIP,
AT2G46270,PD,AT4G24620,GBF3,PGI1,NUE029,BZIP,
AT2G46270,PD,AT5G50200,GBF3,NRT3.1,NUE007,BZIP,
AT2G46310,PD,AT4G04955,CRF5,ALN,NUE126,AP2/EREBP,
AT2G46310,PD,AT5G53460,CRF5,GLT1,NUE016,AP2/EREBP,
AT2G46310,PD,AT1G37130,CRF5,NIA2,NUE011,AP2/EREBP,
AT2G46530,PD,AT5G07440,ARF11,GDH2,NUE017,ARF,
AT2G46680,PD,AT5G65010,HB7,ASN2,NUE019,HB,
AT2G47270,PD,AT5G07440,UPB1,GDH2,NUE017,BHLH,
AT2G47890,PD,AT2G31955,AT2G47890,CNX2,NUE120,C2C2-CO-LIKE,
AT2G47900,PD,AT2G38290,AtTLP3,AMT2,NUE009,TUB,
AT2G47900,PD,AT5G07440,AtTLP3,GDH2,NUE017,,
AT2G47900,PD,AT4G24620,AtTLP3,PGI1,NUE029,TUB,
AT2G48100,PD,AT5G07440,AT2G48100,GDH2,NUE017,C2H2,
AT3G01970,PD,AT3G26810,WRKY45,AFB2,AFB2,WRKY,
AT3G01970,PD,AT1G72330,WRKY45,ALAAT2,NUE030,WRKY,
AT3G01970,PD,AT3G47520,WRKY45,MDH,NUE022,WRKY,
AT3G03200,PD,AT2G25930,ANAC045,ELF3,NUE131,NAC,
AT3G04070,PD,AT5G41410,ANAC047,BEL1,NUE076,NAC,
AT3G04070,PD,AT2G15620,ANAC047,NIR1,NUE012,NAC,
AT3G04730,PD,AT1G12110,IAA16,NRT1.1,NUE001,AUX/IAA,
AT3G05800,PD,AT5G07440,AIF1,GDH2,NUE017,,
AT3G06120,PD,AT5G07440,MUTE,GDH2,NUE017,,
AT3G06490,PD,AT2G31955,MYB108,CNX2,NUE120,MYB,
AT3G07650,PD,AT5G41410,COL9,BEL1,NUE076,C2C2-CO-LIKE,
AT3G07650,PD,AT2G31955,COL9,CNX2,NUE120,C2C2-CO-LIKE,
AT3G07650,PD,AT5G13110,COL9,G6PD2,NUE023,C2C2-CO-LIKE,
AT3G07650,PD,AT5G07440,COL9,GDH2,NUE017,C2C2-CO-LIKE,
AT3G08500,PD,AT2G25930,MYB83,ELF3,NUE131,MYB,x
AT3G08500,PD,AT4G24620,MYB83,PGI1,NUE029,MYB,x
AT3G10040,PD,AT5G50200,AT3G10040,NRT3.1,NUE007,TRIHELIX,
AT3G10470,PD,AT5G07440,AT3G10470,GDH2,NUE017,C2H2,
AT3G10500,PD,AT2G14210,ANAC053,ANR1,NUE048,NAC,x
AT3G10500,PD,AT1G12110,ANAC053,NRT1.1,NUE001,NAC,x
AT3G11280,PD,AT1G30330,AT3G11280,ARF6,ARF6,MYB,
AT3G11580,PD,AT5G67420,ARF32,LBD37,NUE071,ARF,x
AT3G11580,PD,AT3G47520,ARF32,MDH,NUE022,ARF,x
AT3G11580,PD,AT1G12110,ARF32,NRT1.1,NUE001,ARF,x
AT3G14180,PD,AT2G31955,ASIL2,CNX2,NUE120,TRIHELIX,
AT3G14180,PD,AT5G07440,ASIL2,GDH2,NUE017,,
AT3G14180,PD,AT1G64530,AT3G14180,NLP6,NUE132,TRIHELIX,
AT3G15170,PD,AT1G30330,CUC1,ARF6,ARF6,,
AT3G15210,PD,AT5G13110,ERF4,G6PD2,NUE023,AP2/EREBP,x
AT3G15210,PD,AT5G07440,ERF4,GDH2,NUE017,AP2/EREBP,x
AT3G15210,PD,AT1G66200,ERF4,GLN1;2,NUE014,AP2/EREBP,x
AT3G15210,PD,AT1G77760,ERF4,NIA1,NUE010,AP2/EREBP,x
AT3G15210,PD,AT1G64530,ERF4,NLP6,NUE132,AP2/EREBP,x
AT3G15210,PD,AT5G57390,ERF4,PLT5,NUE117,AP2/EREBP,x
AT3G15210,PD,AT5G50200,ERF4,NRT3.1,NUE007,AP2/EREBP,x
AT3G16770,PD,AT5G41410,RAP2.3,BEL1,NUE076,AP2/EREBP,
AT3G17100,PD,AT5G07440,AT3G17100,GDH2,NUE017,BHLH,
AT3G17100,PD,AT3G60750,AT3G17100,TKL,NUE027,BHLH,
AT3G17609,PD,AT5G07440,HYH,GDH2,NUE017,BZIP,
AT3G19290,PD,AT1G77450,ABF4,ANAC032,NUE083,BZIP,x
AT3G19290,PD,AT2G14210,ABF4,ANR1,NUE048,BZIP,x
AT3G19290,PD,AT3G47340,ABF4,ASN1,NUE018,BZIP,x
AT3G19290,PD,AT5G65010,ABF4,ASN2,NUE019,BZIP,x
AT3G19290,PD,AT1G69850,ABF4,NRT1.2,NUE002,BZIP,x
AT3G19290,PD,AT5G41410,ABF4,BEL1,NUE076,BZIP,x
AT3G19290,PD,AT2G46830,ABF4,CCA1,NUE111,BZIP,x
AT3G19290,PD,AT4G24400,ABF4,CIPK8,NUE064,BZIP,x
AT3G19290,PD,AT5G13110,ABF4,G6PD2,NUE023,BZIP,x
AT3G19290,PD,AT4G01120,ABF4,GBF2,GBF2,BZIP,x
AT3G19290,PD,AT1G66200,ABF4,GLN1;2,NUE014,BZIP,x
AT3G19290,PD,AT3G47520,ABF4,MDH,NUE022,BZIP,x
AT3G19290,PD,AT1G56010,ABF4,NAC1,NAC1,BZIP,x
AT3G19290,PD,AT1G02860,ABF4,NLA,NUE060,BZIP,x
AT3G19290,PD,AT1G64530,ABF4,NLP6,NUE132,BZIP,x
AT3G19290,PD,AT1G12110,ABF4,NRT1.1,NUE001,BZIP,x
AT3G19290,PD,AT4G24620,ABF4,PGI1,NUE029,BZIP,x
AT3G19290,PD,AT1G78050,ABF4,PGM1,NUE124,BZIP,x
AT3G19290,PD,AT5G57390,ABF4,PLT5,NUE117,BZIP,x
AT3G19290,PD,AT5G50200,ABF4,NRT3.1,NUE007,BZIP,x
AT3G19580,PD,AT1G72330,AZF2,ALAAT2,NUE030,C2H2,
AT3G19580,PD,AT2G31955,AZF2,CNX2,NUE120,C2H2,
AT3G19860,PD,AT2G25930,bHLH121,ELF3,NUE131,BHLH,
AT3G21175,PD,AT3G26810,ZML1,AFB2,AFB2,C2C2-GATA,
AT3G22760,PD,AT5G07440,SOL1,GDH2,NUE017,CPP,
AT3G23030,PD,AT1G30330,IAA2,ARF6,ARF6,AUX/IAA,
AT3G23240,PD,AT4G05390,ERF1,RFNR1,NUE129,AP2/EREBP,
AT3G24050,PD,AT1G12820,GATA1,AFB3,AFB3,C2C2-GATA,x
AT3G24050,PD,AT2G46830,GATA1,CCA1,NUE111,C2C2-GATA,x
AT3G24050,PD,AT1G30270,GATA1,CIPK23,NUE065,C2C2-GATA,x
AT3G24050,PD,AT2G25930,GATA1,ELF3,NUE131,C2C2-GATA,x
AT3G24050,PD,AT5G53460,GATA1,GLT1,NUE016,C2C2-GATA,x
AT3G24050,PD,AT1G12110,GATA1,NRT1.1,NUE001,C2C2-GATA,x
AT3G24050,PD,AT3G08590,GATA1,PGM2,NUE125,C2C2-GATA,x
AT3G24490,PD,AT5G07440,AT3G24490,GDH2,NUE017,TRIHELIX,
AT3G25730,PD,AT1G12820,EDF3,AFB3,AFB3,AP2/EREBP,x
AT3G25730,PD,AT1G77450,EDF3,ANAC032,NUE083,AP2/EREBP,x
AT3G25730,PD,AT1G66200,EDF3,GLN1;2,NUE014,AP2/EREBP,x
AT3G25730,PD,AT3G47520,EDF3,MDH,NUE022,AP2/EREBP,x
AT3G25730,PD,AT1G56010,EDF3,NAC1,NAC1,AP2/EREBP,x
AT3G25730,PD,AT2G15620,EDF3,NIR1,NUE012,AP2/EREBP,x
AT3G25730,PD,AT1G02860,EDF3,NLA,NUE060,AP2/EREBP,x
AT3G25730,PD,AT5G40850,EDF3,UPM1,NUE013,AP2/EREBP,x
AT3G25730,PD,AT5G50200,EDF3,NRT3.1,NUE007,AP2/EREBP,x
AT3G28920,PD,AT1G72330,HB34,ALAAT2,NUE030,ZF-HD,
AT3G28920,PD,AT4G24400,HB34,CIPK8,NUE064,ZF-HD,
AT3G28920,PD,AT2G31955,HB34,CNX2,NUE120,ZF-HD,
AT3G28920,PD,AT4G01120,HB34,GBF2,GBF2,ZF-HD,
AT3G28920,PD,AT5G07440,HB34,GDH2,NUE017,ZF-HD,
AT3G28920,PD,AT1G66200,HB34,GLN1;2,NUE014,ZF-HD,
AT3G28920,PD,AT1G77760,HB34,NIA1,NUE010,ZF-HD,
AT3G28920,PD,AT2G15620,HB34,NIR1,NUE012,ZF-HD,
AT3G28920,PD,AT1G64530,HB34,NLP6,NUE132,ZF-HD,
AT3G28920,PD,AT4G24020,HB34,NLP7,NUE063,ZF-HD,
AT3G42790,PD,AT5G18270,AL3,ANAC087,NUE077,ALFIN-LIKE,
AT3G42790,PD,AT1G30270,AL3,CIPK23,NUE065,ALFIN-LIKE,
AT3G42790,PD,AT4G24400,AL3,CIPK8,NUE064,ALFIN-LIKE,
AT3G42790,PD,AT5G53460,AL3,GLT1,NUE016,ALFIN-LIKE,
AT3G42790,PD,AT3G49940,AL3,LBD38,NUE072,ALFIN-LIKE,
AT3G42790,PD,AT4G37540,AL3,LBD39,NUE073,ALFIN-LIKE,
AT3G45610,PD,AT1G72330,DOF3.2,ALAAT2,NUE030,C2C2-DOF,
AT3G46600,PD,AT1G12820,SCL30,AFB3,AFB3,GRAS,
AT3G46600,PD,AT1G78050,SCL30,PGM1,NUE124,GRAS,
AT3G49760,PD,AT5G50200,AtbZIP5,NRT3.1,NUE007,BZIP,
AT3G50260,PD,AT2G31955,DEAR1,CNX2,NUE120,AP2/EREBP,
AT3G50410,PD,AT5G07440,OBP1,GDH2,NUE017,C2C2-DOF,
AT3G51910,PD,AT5G07440,AT-HSFA7A,GDH2,NUE017,HSF,
AT3G53340,PD,AT5G65010,NF-YB10,ASN2,NUE019,CCAAT-HAP3,x
AT3G53340,PD,AT2G31955,NF-YB10,CNX2,NUE120,CCAAT-HAP3,x
AT3G53340,PD,AT3G47520,NF-YB10,MDH,NUE022,CCAAT-HAP3,x
AT3G53340,PD,AT1G77760,NF-YB10,NIA1,NUE010,CCAAT-HAP3,x
AT3G53340,PD,AT5G50200,NF-YB10,NRT3.1,NUE007,CCAAT-HAP3,x
AT3G54390,PD,AT1G12820,AT3G54390,AFB3,AFB3,TRIHELIX,
AT3G54390,PD,AT5G13110,AT3G54390,G6PD2,NUE023,TRIHELIX,
AT3G54390,PD,AT1G66200,AT3G54390,GLN1;2,NUE014,TRIHELIX,
AT3G54390,PD,AT3G47520,AT3G54390,MDH,NUE022,TRIHELIX,
AT3G54390,PD,AT2G15620,AT3G54390,NIR1,NUE012,TRIHELIX,
AT3G54390,PD,AT1G02860,AT3G54390,NLA,NUE060,TRIHELIX,
AT3G54390,PD,AT5G40850,AT3G54390,UPM1,NUE013,TRIHELIX,
AT3G54810,PD,AT1G12820,GATA8,AFB3,AFB3,C2C2-GATA,
AT3G54810,PD,AT5G07440,GATA8,GDH2,NUE017,,
AT3G54810,PD,AT3G08590,GATA8,PGM2,NUE125,C2C2-GATA,
AT3G55370,PD,AT4G01120,OBP3,GBF2,GBF2,C2C2-DOF,
AT3G55370,PD,AT1G54160,OBP3,NF-YA5,NF-YA5,C2C2-DOF,
AT3G55370,PD,AT1G02860,OBP3,NLA,NUE060,C2C2-DOF,
AT3G55730,PD,AT1G37130,MYB109,NIA2,NUE011,MYB,
AT3G57230,PD,AT4G04955,AGL16,ALN,NUE126,MADS,
AT3G57480,PD,AT5G07440,SAP13,GDH2,NUE017,,
AT3G58120,PD,AT2G38290,ATBZIP61,AMT2,NUE009,BZIP,
AT3G58710,PD,AT1G72330,WRKY69,ALAAT2,NUE030,WRKY,
AT3G60490,PD,AT2G31955,ERF035,CNX2,NUE120,AP2/EREBP,
AT3G60530,PD,AT5G53460,GATA4,GLT1,NUE016,C2C2-GATA,
AT3G60530,PD,AT5G35630,GATA4,GS2,NUE015,C2C2-GATA,
AT3G60530,PD,AT3G08590,GATA4,PGM2,NUE125,C2C2-GATA,
AT3G60580,PD,AT3G47520,ZAT9,MDH,NUE022,C2H2,
AT3G60580,PD,AT1G02860,ZAT9,NLA,NUE060,C2H2,
AT3G61150,PD,AT3G26810,HDG1,AFB2,AFB2,,
AT3G61830,PD,AT1G12820,ARF18,AFB3,AFB3,ARF,x
AT3G61830,PD,AT1G77450,ARF18,ANAC032,NUE083,ARF,x
AT3G61830,PD,AT2G14210,ARF18,ANR1,NUE048,ARF,x
AT3G61830,PD,AT1G69850,ARF18,NRT1.2,NUE002,ARF,x
AT3G61830,PD,AT5G41410,ARF18,BEL1,NUE076,ARF,x
AT3G61830,PD,AT2G46830,ARF18,CCA1,NUE111,ARF,x
AT3G61830,PD,AT4G24400,ARF18,CIPK8,NUE064,ARF,x
AT3G61830,PD,AT5G13110,ARF18,G6PD2,NUE023,ARF,x
AT3G61830,PD,AT5G07440,ARF18,GDH2,NUE017,ARF,x
AT3G61830,PD,AT3G47520,ARF18,MDH,NUE022,ARF,x
AT3G61830,PD,AT1G56010,ARF18,NAC1,NAC1,ARF,x
AT3G61830,PD,AT1G77760,ARF18,NIA1,NUE010,ARF,x
AT3G61830,PD,AT1G02860,ARF18,NLA,NUE060,ARF,x
AT3G61830,PD,AT1G64530,ARF18,NLP6,NUE132,ARF,x
AT3G61830,PD,AT1G12110,ARF18,NRT1.1,NUE001,ARF,x
AT3G61830,PD,AT5G60770,ARF18,NRT2.4,NUE005,ARF,x
AT3G61830,PD,AT4G24620,ARF18,PGI1,NUE029,ARF,x
AT3G61830,PD,AT1G78050,ARF18,PGM1,NUE124,ARF,x
AT3G61830,PD,AT5G57390,ARF18,PLT5,NUE117,ARF,x
AT3G61830,PD,AT5G50200,ARF18,NRT3.1,NUE007,ARF,x
AT3G61890,PD,AT5G65010,HB12,ASN2,NUE019,HB,
AT3G62100,PD,AT4G04955,IAA30,ALN,NUE126,AUX/IAA,
AT4G00940,PD,AT5G07440,AT4G00940,GDH2,NUE017,C2C2-Dof,
AT4G01250,PD,AT3G26810,WRKY22,AFB2,AFB2,WRKY,x
AT4G01250,PD,AT1G72330,WRKY22,ALAAT2,NUE030,WRKY,x
AT4G01250,PD,AT1G30330,WRKY22,ARF6,ARF6,WRKY,x
AT4G01250,PD,AT5G07440,WRKY22,GDH2,NUE017,WRKY,x
AT4G01250,PD,AT1G66200,WRKY22,GLN1;2,NUE014,WRKY,x
AT4G01250,PD,AT1G12110,WRKY22,NRT1.1,NUE001,WRKY,x
AT4G14770,PD,AT4G24400,TCX2,CIPK8,NUE064,CPP,
AT4G16750,PD,AT2G31955,ERF039,CNX2,NUE120,AP2/EREBP,
AT4G17490,PD,AT1G12820,ERF6,AFB3,AFB3,AP2/EREBP,
AT4G17490,PD,AT3G17820,ERF6,GLN1;3,NUE112,AP2/EREBP,
AT4G17490,PD,AT5G53460,ERF6,GLT1,NUE016,AP2/EREBP,
AT4G17490,PD,AT4G24620,ERF6,PGI1,NUE029,AP2/EREBP,
AT4G18880,PD,AT1G72330,AT-HSFA4A,ALAAT2,NUE030,HSF,x
AT4G18880,PD,AT5G35630,AT-HSFA4A,GS2,NUE015,HSF,x
AT4G18880,PD,AT1G78050,AT-HSFA4A,PGM1,NUE124,HSF,x
AT4G22680,PD,AT2G25930,MYB85,ELF3,NUE131,MYB,
AT4G23750,PD,AT4G04955,CRF2,ALN,NUE126,AP2/EREBP,
AT4G23750,PD,AT3G47520,CRF2,MDH,NUE022,AP2/EREBP,
AT4G23980,PD,AT1G12820,ARF9,AFB3,AFB3,ARF,x
AT4G23980,PD,AT5G60910,ARF9,AGL8,NUE050,ARF,x
AT4G23980,PD,AT1G77450,ARF9,ANAC032,NUE083,ARF,x
AT4G23980,PD,AT2G14210,ARF9,ANR1,NUE048,ARF,x
AT4G23980,PD,AT5G37020,ARF9,ARF8,ARF8,ARF,x
AT4G23980,PD,AT5G65010,ARF9,ASN2,NUE019,ARF,x
AT4G23980,PD,AT1G69850,ARF9,NRT1.2,NUE002,ARF,x
AT4G23980,PD,AT5G41410,ARF9,BEL1,NUE076,ARF,x
AT4G23980,PD,AT2G46830,ARF9,CCA1,NUE111,ARF,x
AT4G23980,PD,AT4G24400,ARF9,CIPK8,NUE064,ARF,x
AT4G23980,PD,AT2G31955,ARF9,CNX2,NUE120,ARF,x
AT4G23980,PD,AT2G25930,ARF9,ELF3,NUE131,ARF,x
AT4G23980,PD,AT5G13110,ARF9,G6PD2,NUE023,ARF,x
AT4G23980,PD,AT4G01120,ARF9,GBF2,GBF2,ARF,x
AT4G23980,PD,AT5G07440,ARF9,GDH2,NUE017,,x
AT4G23980,PD,AT1G56010,ARF9,NAC1,NAC1,ARF,x
AT4G23980,PD,AT1G77760,ARF9,NIA1,NUE010,ARF,x
AT4G23980,PD,AT2G15620,ARF9,NIR1,NUE012,ARF,x
AT4G23980,PD,AT1G02860,ARF9,NLA,NUE060,ARF,x
AT4G23980,PD,AT1G64530,ARF9,NLP6,NUE132,ARF,x
AT4G23980,PD,AT4G24620,ARF9,PGI1,NUE029,ARF,x
AT4G23980,PD,AT5G57390,ARF9,PLT5,NUE117,ARF,x
AT4G23980,PD,AT5G50200,ARF9,NRT3.1,NUE007,ARF,x
AT4G24240,PD,AT3G26810,WRKY7,AFB2,AFB2,WRKY,
AT4G28140,PD,AT5G41410,AT4G28140,BEL1,NUE076,AP2/EREBP,
AT4G28500,PD,AT1G72330,ANAC073,ALAAT2,NUE030,NAC,
AT4G28500,PD,AT2G38290,ANAC073,AMT2,NUE009,NAC,
AT4G28500,PD,AT2G25930,ANAC073,ELF3,NUE131,NAC,
AT4G29080,PD,AT1G12820,PAP2,AFB3,AFB3,AUX/IAA,
AT4G29080,PD,AT2G14210,PAP2,ANR1,NUE048,AUX/IAA,
AT4G29080,PD,AT3G14940,PAP2,PPC3,NUE021,AUX/IAA,
AT4G29080,PD,AT2G31955,PAP2,CNX2,NUE120,AUX/IAA,
AT4G29080,PD,AT2G25930,PAP2,ELF3,NUE131,AUX/IAA,
AT4G29080,PD,AT5G07440,PAP2,GDH2,NUE017,AUX/IAA,
AT4G29080,PD,AT5G67420,PAP2,LBD37,NUE071,AUX/IAA,
AT4G29080,PD,AT1G77760,PAP2,NIA1,NUE010,AUX/IAA,
AT4G29410,PD,AT5G07440,At4g29410,GDH2,NUE017,,
AT4G30410,PD,AT5G07440,AT4G30410,GDH2,NUE017,BHLH,
AT4G31550,PD,AT1G72330,WRKY11,ALAAT2,NUE030,WRKY,
AT4G31550,PD,AT2G14210,WRKY11,ANR1,NUE048,WRKY,
AT4G31550,PD,AT5G37020,WRKY11,ARF8,ARF8,WRKY,
AT4G31550,PD,AT2G31955,WRKY11,CNX2,NUE120,WRKY,
AT4G32800,PD,AT2G31955,AT4G32800,CNX2,NUE120,AP2/EREBP,
AT4G32800,PD,AT4G05390,AT4G32800,RFNR1,NUE129,AP2/EREBP,
AT4G32880,PD,AT3G26810,HB8,AFB2,AFB2,HB,
AT4G32890,PD,AT1G12820,GATA9,AFB3,AFB3,C2C2-GATA,x
AT4G32890,PD,AT2G46830,GATA9,CCA1,NUE111,C2C2-GATA,x
AT4G32890,PD,AT2G31955,GATA9,CNX2,NUE120,C2C2-GATA,x
AT4G32890,PD,AT1G12110,GATA9,NRT1.1,NUE001,C2C2-GATA,x
AT4G32890,PD,AT3G08590,GATA9,PGM2,NUE125,C2C2-GATA,x
AT4G34610,PD,AT1G72330,BLH6,ALAAT2,NUE030,HB,
AT4G34610,PD,AT2G38290,BLH6,AMT2,NUE009,HB,
AT4G34990,PD,AT1G24280,AtMYB32,G6PD3,NUE024,MYB,
AT4G35040,PD,AT5G07440,bZIP19,GDH2,NUE017,BZIP,
AT4G35550,PD,AT1G72330,HB-4,ALAAT2,NUE030,HB,
AT4G35550,PD,AT5G65010,HB-4,ASN2,NUE019,HB,
AT4G35550,PD,AT4G24400,HB-4,CIPK8,NUE064,HB,
AT4G35550,PD,AT2G31955,HB-4,CNX2,NUE120,HB,
AT4G36160,PD,AT3G14940,ANAC076,PPC3,NUE021,NAC,
AT4G36620,PD,AT5G07440,GATA19,GDH2,NUE017,,
AT4G36730,PD,AT1G12820,GBF1,AFB3,AFB3,BZIP,
AT4G36730,PD,AT1G77450,GBF1,ANAC032,NUE083,BZIP,
AT4G36730,PD,AT5G37020,GBF1,ARF8,ARF8,BZIP,
AT4G36730,PD,AT1G66200,GBF1,GLN1;2,NUE014,BZIP,
AT4G36730,PD,AT3G47520,GBF1,MDH,NUE022,BZIP,
AT4G36730,PD,AT2G15620,GBF1,NIR1,NUE012,BZIP,
AT4G36730,PD,AT1G02860,GBF1,NLA,NUE060,BZIP,
AT4G36730,PD,AT5G40850,GBF1,UPM1,NUE013,BZIP,
AT4G36730,PD,AT5G50200,GBF1,NRT3.1,NUE007,BZIP,
AT4G36900,PD,AT2G31955,RAP2.10,CNX2,NUE120,AP2/EREBP,
AT4G36900,PD,AT4G05390,RAP2.10,RFNR1,NUE129,AP2/EREBP,
AT4G37260,PD,AT1G77450,MYB73,ANAC032,NUE083,MYB,x
AT4G37260,PD,AT2G14210,MYB73,ANR1,NUE048,MYB,x
AT4G37260,PD,AT3G47340,MYB73,ASN1,NUE018,MYB,x
AT4G37260,PD,AT5G65010,MYB73,ASN2,NUE019,MYB,x
AT4G37260,PD,AT1G69850,MYB73,NRT1.2,NUE002,MYB,x
AT4G37260,PD,AT4G24400,MYB73,CIPK8,NUE064,MYB,x
AT4G37260,PD,AT2G31955,MYB73,CNX2,NUE120,MYB,x
AT4G37260,PD,AT5G07440,MYB73,GDH2,NUE017,MYB,x
AT4G37260,PD,AT1G66200,MYB73,GLN1;2,NUE014,MYB,x
AT4G37260,PD,AT3G47520,MYB73,MDH,NUE022,MYB,x
AT4G37260,PD,AT1G77760,MYB73,NIA1,NUE010,MYB,x
AT4G37260,PD,AT1G64530,MYB73,NLP6,NUE132,MYB,x
AT4G37260,PD,AT1G12110,MYB73,NRT1.1,NUE001,MYB,x
AT4G37260,PD,AT1G78050,MYB73,PGM1,NUE124,MYB,x
AT4G37260,PD,AT5G50200,MYB73,NRT3.1,NUE007,MYB,x
AT4G37740,PD,AT5G53460,GRF2,GLT1,NUE016,GRF,
AT4G37740,PD,AT1G64530,AtGRF2,NLP6,NUE132,GRF,
AT4G37790,PD,AT5G65010,HAT22,ASN2,NUE019,HB,x
AT4G37790,PD,AT5G40850,HAT22,UPM1,NUE013,HB,x
AT4G37850,PD,AT5G13110,BHLH25,G6PD2,NUE023,BHLH,
AT4G38900,PD,AT5G50200,AT4G38900,NRT3.1,NUE007,BZIP,
AT4G39070,PD,AT4G04955,BBX20,ALN,NUE126,C2C2-CO-LIKE,x
AT4G39070,PD,AT5G18270,BBX20,ANAC087,NUE077,C2C2-CO-LIKE,x
AT4G39070,PD,AT1G37130,BBX20,NIA2,NUE011,C2C2-CO-LIKE,x
AT4G40060,PD,AT1G73870,HB16,BBX16,NUE084,HB,
AT5G01380,PD,AT5G50200,GT-3A,NRT3.1,NUE007,TRIHELIX,
AT5G02840,PD,AT5G07440,LCL1,GDH2,NUE017,,
AT5G03510,PD,AT1G72330,AT5G03510,ALAAT2,NUE030,C2H2,
AT5G03510,PD,AT5G07440,At5g03510,GDH2,NUE017,,
AT5G05410,PD,AT2G14210,DREB2A,ANR1,NUE048,AP2/EREBP,
AT5G05410,PD,AT5G65010,DREB2A,ASN2,NUE019,AP2/EREBP,
AT5G05410,PD,AT1G69850,DREB2A,NRT1.2,NUE002,AP2/EREBP,
AT5G05410,PD,AT5G41410,DREB2A,BEL1,NUE076,AP2/EREBP,
AT5G05410,PD,AT2G46830,DREB2A,CCA1,NUE111,AP2/EREBP,
AT5G05410,PD,AT4G24400,DREB2A,CIPK8,NUE064,AP2/EREBP,
AT5G05410,PD,AT2G31955,DREB2A,CNX2,NUE120,AP2/EREBP,
AT5G05410,PD,AT5G13110,DREB2A,G6PD2,NUE023,AP2/EREBP,
AT5G05410,PD,AT5G07440,DREB2A,GDH2,NUE017,AP2/EREBP,
AT5G05410,PD,AT1G66200,DREB2A,GLN1;2,NUE014,AP2/EREBP,
AT5G05410,PD,AT1G56010,DREB2A,NAC1,NAC1,AP2/EREBP,
AT5G05410,PD,AT1G77760,DREB2A,NIA1,NUE010,AP2/EREBP,
AT5G05410,PD,AT2G15620,DREB2A,NIR1,NUE012,AP2/EREBP,
AT5G05410,PD,AT1G02860,DREB2A,NLA,NUE060,AP2/EREBP,
AT5G05410,PD,AT1G64530,DREB2A,NLP6,NUE132,AP2/EREBP,
AT5G05410,PD,AT1G78050,DREB2A,PGM1,NUE124,AP2/EREBP,
AT5G05410,PD,AT5G50200,DREB2A,NRT3.1,NUE007,AP2/EREBP,
AT5G05790,PD,AT3G47340,AT5G05790,ASN1,NUE018,MYB,
AT5G06710,PD,AT5G65010,HAT14,ASN2,NUE019,HB,
AT5G06960,PD,AT1G12820,OBF5,AFB3,AFB3,BZIP,
AT5G06960,PD,AT5G60910,OBF5,AGL8,NUE050,BZIP,
AT5G06960,PD,AT1G77450,OBF5,ANAC032,NUE083,BZIP,
AT5G06960,PD,AT2G14210,OBF5,ANR1,NUE048,BZIP,
AT5G06960,PD,AT1G69850,OBF5,NRT1.2,NUE002,BZIP,
AT5G06960,PD,AT4G24400,OBF5,CIPK8,NUE064,BZIP,
AT5G06960,PD,AT5G07440,OBF5,GDH2,NUE017,BZIP,
AT5G06960,PD,AT1G66200,OBF5,GLN1;2,NUE014,BZIP,
AT5G06960,PD,AT3G47520,OBF5,MDH,NUE022,BZIP,
AT5G06960,PD,AT1G02860,OBF5,NLA,NUE060,BZIP,
AT5G06960,PD,AT1G64530,OBF5,NLP6,NUE132,BZIP,
AT5G06960,PD,AT5G57390,ANAC032,PLT5,NUE117,NAC,
AT5G07690,PD,AT1G73870,MYB29,BBX16,NUE084,MYB,
AT5G07690,PD,AT2G46830,MYB29,CCA1,NUE111,MYB,
AT5G07700,PD,AT1G73870,MYB76,BBX16,NUE084,MYB,
AT5G07700,PD,AT2G46830,MYB76,CCA1,NUE111,MYB,
AT5G08520,PD,AT1G72330,AT5G08520,ALAAT2,NUE030,MYB,
AT5G09330,PD,AT1G72330,VNI1,ALAAT2,NUE030,NAC,
AT5G10140,PD,AT5G07440,FLC,GDH2,NUE017,MAD,
AT5G10280,PD,AT2G25930,MYB92,ELF3,NUE131,MYB,
AT5G10510,PD,AT1G30330,AIL6,ARF6,ARF6,AP2/EREBP,x
AT5G10510,PD,AT3G47340,AIL6,ASN1,NUE018,AP2/EREBP,x
AT5G10510,PD,AT1G69850,AIL6,NRT1.2,NUE002,AP2/EREBP,x
AT5G10510,PD,AT1G77760,AIL6,NIA1,NUE010,AP2/EREBP,x
AT5G10510,PD,AT4G24620,AIL6,PGI1,NUE029,AP2/EREBP,x
AT5G10510,PD,AT5G57390,AIL6,PLT5,NUE117,AP2/EREBP,x
AT5G12840,PD,AT2G25930,HAP2A,ELF3,NUE131,CCAAT-HAP2,
AT5G12870,PD,AT1G77760,ATMYB46,NIA1,NUE010,MYB,
AT5G13330,PD,AT1G12820,Rap2.6L,AFB3,AFB3,AP2/EREBP,x
AT5G13330,PD,AT1G72330,Rap2.6L,ALAAT2,NUE030,AP2/EREBP,x
AT5G13330,PD,AT2G14210,Rap2.6L,ANR1,NUE048,AP2/EREBP,x
AT5G13330,PD,AT4G24400,Rap2.6L,CIPK8,NUE064,AP2/EREBP,x
AT5G13330,PD,AT5G07440,Rap2.6L,GDH2,NUE017,AP2/EREBP,x
AT5G13330,PD,AT5G53460,Rap2.6L,GLT1,NUE016,AP2/EREBP,x
AT5G13330,PD,AT1G66200,Rap2.6L,GLN1;2,NUE014,AP2/EREBP,x
AT5G13330,PD,AT3G47520,Rap2.6L,MDH,NUE022,AP2/EREBP,x
AT5G13330,PD,AT1G56010,Rap2.6L,NAC1,NAC1,AP2/EREBP,x
AT5G13330,PD,AT1G77760,Rap2.6L,NIA1,NUE010,AP2/EREBP,x
AT5G13330,PD,AT1G02860,Rap2.6L,NLA,NUE060,AP2/EREBP,x
AT5G13330,PD,AT1G64530,Rap2.6L,NLP6,NUE132,AP2/EREBP,x
AT5G13330,PD,AT1G78050,Rap2.6L,PGM1,NUE124,AP2/EREBP,x
AT5G13330,PD,AT5G57390,Rap2.6L,PLT5,NUE117,AP2/EREBP,x
AT5G13910,PD,AT3G47520,LEP,MDH,NUE022,AP2/EREBP,x
AT5G14340,PD,AT2G25930,AtMYB40,ELF3,NUE131,MYB,
AT5G15210,PD,AT1G12820,HB30,AFB3,AFB3,ZF-HD,
AT5G15210,PD,AT1G72330,HB30,ALAAT2,NUE030,ZF-HD,
AT5G15210,PD,AT3G47340,HB30,ASN1,NUE018,ZF-HD,
AT5G15210,PD,AT1G69850,HB30,NRT1.2,NUE002,ZF-HD,
AT5G15210,PD,AT2G46830,HB30,CCA1,NUE111,ZF-HD,
AT5G15210,PD,AT4G24400,HB30,CIPK8,NUE064,ZF-HD,
AT5G15210,PD,AT2G31955,HB30,CNX2,NUE120,ZF-HD,
AT5G15210,PD,AT5G66320,HB30,GATA5,NUE118,ZF-HD,
AT5G15210,PD,AT4G01120,HB30,GBF2,GBF2,ZF-HD,
AT5G15210,PD,AT5G07440,HB30,GDH2,NUE017,ZF-HD,
AT5G15210,PD,AT5G35630,HB30,GS2,NUE015,ZF-HD,
AT5G15210,PD,AT1G66200,HB30,GLN1;2,NUE014,ZF-HD,
AT5G15210,PD,AT1G56010,HB30,NAC1,NAC1,ZF-HD,
AT5G15210,PD,AT1G54160,HB30,NF-YA5,NF-YA5,ZF-HD,
AT5G15210,PD,AT1G77760,HB30,NIA1,NUE010,ZF-HD,
AT5G15210,PD,AT1G64530,HB30,NLP6,NUE132,ZF-HD,
AT5G15210,PD,AT4G24620,HB30,PGI1,NUE029,ZF-HD,
AT5G15210,PD,AT5G40850,HB30,UPM1,NUE013,ZF-HD,
AT5G16770,PD,AT5G53460,AtMYB9,GLT1,NUE016,MYB,
AT5G17800,PD,AT5G13110,AtMYB56,G6PD2,NUE023,MYB,x
AT5G17800,PD,AT5G50200,AtMYB56,NRT3.1,NUE007,MYB,x
AT5G22290,PD,AT2G38290,ANAC089,AMT2,NUE009,NAC,
AT5G22290,PD,AT2G25930,ANAC089,ELF3,NUE131,NAC,
AT5G22570,PD,AT1G73870,WRKY38,BBX16,NUE084,WRKY,
AT5G22570,PD,AT2G46830,WRKY38,CCA1,NUE111,WRKY,
AT5G23090,PD,AT5G65010,NF-YB13,ASN2,NUE019,CCAAT-DR1,x
AT5G23090,PD,AT1G73870,NF-YB13,BBX16,NUE084,CCAAT-DR1,x
AT5G23090,PD,AT1G30270,NF-YB13,CIPK23,NUE065,CCAAT-DR1,x
AT5G23090,PD,AT2G25930,NF-YB13,ELF3,NUE131,CCAAT-DR1,x
AT5G23090,PD,AT5G13110,NF-YB13,G6PD2,NUE023,CCAAT-DR1,x
AT5G23090,PD,AT5G35630,NF-YB13,GS2,NUE015,CCAAT-DR1,x
AT5G23090,PD,AT3G60750,NF-YB13,TKL,NUE027,CCAAT-DR1,x
AT5G24800,PD,AT4G05390,ATBZIP9,RFNR1,NUE129,BZIP,
AT5G25830,PD,AT1G12820,GATA12,AFB3,AFB3,C2C2-GATA,
AT5G25830,PD,AT2G46830,GATA12,CCA1,NUE111,C2C2-GATA,
AT5G25830,PD,AT5G53460,GATA12,GLT1,NUE016,C2C2-GATA,
AT5G25830,PD,AT1G12110,GATA12,NRT1.1,NUE001,C2C2-GATA,
AT5G25830,PD,AT3G08590,GATA12,PGM2,NUE125,C2C2-GATA,
AT5G28040,PD,AT5G50200,AT5G28040,NRT3.1,NUE007,GEBP,
AT5G39610,PD,AT3G26810,ATNAC6,AFB2,AFB2,NAC,
AT5G39660,PD,AT5G07440,CDF2,GDH2,NUE017,C2C2-DOF,
AT5G39760,PD,AT1G72330,HB23.2,ALAAT2,NUE030,ZF-HD,
AT5G39760,PD,AT4G24400,HB23.2,CIPK8,NUE064,ZF-HD,
AT5G39760,PD,AT2G31955,HB23.2,CNX2,NUE120,ZF-HD,
AT5G39760,PD,AT5G07440,HB23.2,GDH2,NUE017,ZF-HD,
AT5G39760,PD,AT1G77760,HB23.2,NIA1,NUE010,ZF-HD,
AT5G39760,PD,AT2G15620,HB23.2,NIR1,NUE012,ZF-HD,
AT5G39760,PD,AT1G64530,HB23,NLP6,NUE132,ZF-HD,
AT5G39760,PD,AT4G24020,HB23.2,NLP7,NUE063,ZF-HD,
AT5G39760,PD,AT5G50200,HB23.2,NRT3.1,NUE007,ZF-HD,
AT5G41920,PD,AT4G05390,AT5G41920,RFNR1,NUE129,GRAS,
AT5G43170,PD,AT1G72330,AZF3,ALAAT2,NUE030,C2H2,
AT5G43270,PD,AT5G37020,SPL2,ARF8,ARF8,SBP,
AT5G43700,PD,AT2G14210,ATAUX2-11,ANR1,NUE048,AUX/IAA,
AT5G44080,PD,AT1G77450,BZIP13,ANAC032,NUE083,BZIP,
AT5G44160,PD,AT1G77450,NUC,ANAC032,NUE083,C2H2,
AT5G44160,PD,AT2G31955,NUC,CNX2,NUE120,C2H2,
AT5G44160,PD,AT2G25930,NUC,ELF3,NUE131,C2H2,
AT5G44160,PD,AT1G64530,NUC,NLP6,NUE132,C2H2,
AT5G44210,PD,AT2G14210,ERF9,ANR1,NUE048,AP2/EREBP,x
AT5G44210,PD,AT3G47340,ERF9,ASN1,NUE018,AP2/EREBP,x
AT5G44210,PD,AT4G24400,ERF9,CIPK8,NUE064,AP2/EREBP,x
AT5G44210,PD,AT5G13110,ERF9,G6PD2,NUE023,AP2/EREBP,x
AT5G44210,PD,AT1G66200,ERF9,GLN1;2,NUE014,AP2/EREBP,x
AT5G44210,PD,AT3G47520,ERF9,MDH,NUE022,AP2/EREBP,x
AT5G44210,PD,AT1G64530,ERF9,NLP6,NUE132,AP2/EREBP,x
AT5G44210,PD,AT1G12110,ERF9,NRT1.1,NUE001,AP2/EREBP,x
AT5G44210,PD,AT5G57390,ERF9,PLT5,NUE117,AP2/EREBP,x
AT5G44210,PD,AT5G50200,ERF9,NRT3.1,NUE007,AP2/EREBP,x
AT5G45710,PD,AT5G07440,AT-HSFA4C,GDH2,NUE017,HSF,
AT5G47220,PD,AT2G14210,ERF2,ANR1,NUE048,AP2/EREBP,
AT5G47220,PD,AT3G17820,ERF2,GLN1;3,NUE112,AP2/EREBP,
AT5G47220,PD,AT5G53460,ERF2,GLT1,NUE016,AP2/EREBP,
AT5G47220,PD,AT1G66200,ERF2,GLN1;2,NUE014,AP2/EREBP,
AT5G47220,PD,AT3G47520,ERF2,MDH,NUE022,AP2/EREBP,
AT5G47220,PD,AT4G24620,ERF2,PGI1,NUE029,AP2/EREBP,
AT5G47230,PD,AT5G53460,ERF5,GLT1,NUE016,AP2/EREBP,
AT5G47230,PD,AT1G66200,ERF5,GLN1;2,NUE014,AP2/EREBP,
AT5G47230,PD,AT3G47520,ERF5,MDH,NUE022,AP2/EREBP,
AT5G49520,PD,AT1G72330,WRKY48,ALAAT2,NUE030,WRKY,
AT5G49620,PD,AT1G72330,MYB78,ALAAT2,NUE030,MYB,
AT5G50670,PD,AT5G37020,SPL13B,ARF8,ARF8,SBP,
AT5G50820,PD,AT5G07440,ANAC097,GDH2,NUE017,NAC,
AT5G51190,PD,AT5G13110,ERF105,G6PD2,NUE023,AP2/EREBP,
AT5G51190,PD,AT1G66200,ERF105,GLN1;2,NUE014,AP2/EREBP,
AT5G51190,PD,AT3G47520,ERF105,MDH,NUE022,AP2/EREBP,
AT5G51230,PD,AT5G07440,EMF2,GDH2,NUE017,C2H2,
AT5G51990,PD,AT1G12820,CBF4,AFB3,AFB3,AP2/EREBP,
AT5G51990,PD,AT2G14210,CBF4,ANR1,NUE048,AP2/EREBP,
AT5G51990,PD,AT1G30330,CBF4,ARF6,ARF6,AP2/EREBP,
AT5G51990,PD,AT2G31955,CBF4,CNX2,NUE120,AP2/EREBP,
AT5G51990,PD,AT5G07440,CBF4,GDH2,NUE017,AP2/EREBP,
AT5G51990,PD,AT3G47520,CBF4,MDH,NUE022,AP2/EREBP,
AT5G51990,PD,AT4G24620,CBF4,PGI1,NUE029,AP2/EREBP,
AT5G52020,PD,AT1G12820,ERF025,AFB3,AFB3,AP2/EREBP,
AT5G52020,PD,AT2G14210,ERF025,ANR1,NUE048,AP2/EREBP,
AT5G52020,PD,AT1G69850,ERF025,NRT1.2,NUE002,AP2/EREBP,
AT5G52020,PD,AT5G41410,AT5G52020,BEL1,NUE076,AP2/EREBP,
AT5G52020,PD,AT4G24400,ERF025,CIPK8,NUE064,AP2/EREBP,
AT5G52020,PD,AT2G31955,ERF025,CNX2,NUE120,AP2/EREBP,
AT5G52020,PD,AT1G56010,ERF025,NAC1,NAC1,AP2/EREBP,
AT5G52020,PD,AT1G77760,ERF025,NIA1,NUE010,AP2/EREBP,
AT5G52020,PD,AT1G02860,ERF025,NLA,NUE060,AP2/EREBP,
AT5G52020,PD,AT1G64530,AT5G52020,NLP6,NUE132,AP2/EREBP,
AT5G52020,PD,AT1G12110,ERF025,NRT1.1,NUE001,AP2/EREBP,
AT5G52020,PD,AT5G57390,ERF025,PLT5,NUE117,AP2/EREBP,
AT5G53950,PD,AT3G26810,CUC2,AFB2,AFB2,,
AT5G53950,PD,AT1G30330,CUC2,ARF6,ARF6,,
AT5G53980,PD,AT4G01120,HB52,GBF2,GBF2,HB,
AT5G53980,PD,AT1G54160,HB52,NF-YA5,NF-YA5,HB,
AT5G54470,PD,AT5G18270,BBX29,ANAC087,NUE077,C2C2-CO-LIKE,
AT5G54680,PD,AT1G72330,ILR3,ALAAT2,NUE030,BHLH,x
AT5G54680,PD,AT1G77450,ILR3,ANAC032,NUE083,BHLH,x
AT5G54680,PD,AT2G14210,ILR3,ANR1,NUE048,BHLH,x
AT5G54680,PD,AT3G47340,ILR3,ASN1,NUE018,BHLH,x
AT5G54680,PD,AT5G65010,ILR3,ASN2,NUE019,BHLH,x
AT5G54680,PD,AT2G38290,ILR3,AMT2,NUE009,BHLH,x
AT5G54680,PD,AT1G69850,ILR3,NRT1.2,NUE002,BHLH,x
AT5G54680,PD,AT5G41410,ILR3,BEL1,NUE076,BHLH,x
AT5G54680,PD,AT2G46830,ILR3,CCA1,NUE111,BHLH,x
AT5G54680,PD,AT4G24400,ILR3,CIPK8,NUE064,BHLH,x
AT5G54680,PD,AT2G25930,ILR3,ELF3,NUE131,BHLH,x
AT5G54680,PD,AT5G13110,ILR3,G6PD2,NUE023,BHLH,x
AT5G54680,PD,AT5G07440,ILR3,GDH2,NUE017,BHLH,x
AT5G54680,PD,AT1G66200,ILR3,GLN1;2,NUE014,BHLH,x
AT5G54680,PD,AT3G47520,ILR3,MDH,NUE022,BHLH,x
AT5G54680,PD,AT1G56010,ILR3,NAC1,NAC1,BHLH,x
AT5G54680,PD,AT1G02860,ILR3,NLA,NUE060,BHLH,x
AT5G54680,PD,AT1G64530,ILR3,NLP6,NUE132,BHLH,x
AT5G54680,PD,AT4G24020,ILR3,NLP7,NUE063,BHLH,x
AT5G54680,PD,AT1G12110,ILR3,NRT1.1,NUE001,BHLH,x
AT5G54680,PD,AT1G08090,ILR3,NRT2.1,NUE004,BHLH,x
AT5G54680,PD,AT1G78050,ILR3,PGM1,NUE124,BHLH,x
AT5G54680,PD,AT5G57390,ILR3,PLT5,NUE117,BHLH,x
AT5G54680,PD,AT5G50200,ILR3,NRT3.1,NUE007,BHLH,x
AT5G54930,PD,AT3G47340,AT5G54930,ASN1,NUE018,,
AT5G54930,PD,AT5G41410,AT5G54930,BEL1,NUE076,,
AT5G54930,PD,AT2G25930,AT5G54930,ELF3,NUE131,,
AT5G54930,PD,AT5G66320,AT5G54930,GATA5,NUE118,,
AT5G54930,PD,AT5G07440,AT5G54930,GDH2,NUE017,,
AT5G54930,PD,AT1G02860,AT5G54930,NLA,NUE060,,
AT5G54930,PD,AT4G24020,AT5G54930,NLP7,NUE063,,
AT5G59820,PD,AT5G07440,RHL41,GDH2,NUE017,C2H2,
AT5G60450,PD,AT1G72330,ARF4,ALAAT2,NUE030,ARF,
AT5G60450,PD,AT4G04955,ARF4,ALN,NUE126,ARF,
AT5G60450,PD,AT5G60770,ARF4,NRT2.4,NUE005,ARF,
AT5G60450,PD,AT3G08590,ARF4,PGM2,NUE125,ARF,
AT5G60850,PD,AT5G41410,OBP4,BEL1,NUE076,C2C2-DOF,
AT5G60850,PD,AT2G31955,OBP4,CNX2,NUE120,C2C2-DOF,
AT5G60850,PD,AT5G13110,OBP4,G6PD2,NUE023,C2C2-DOF,
AT5G60850,PD,AT5G07440,OBP4,GDH2,NUE017,C2C2-DOF,
AT5G60850,PD,AT4G24020,OBP4,NLP7,NUE063,C2C2-DOF,
AT5G60890,PD,AT1G72330,ATMYB34,ALAAT2,NUE030,MYB,
AT5G60890,PD,AT2G31955,ATMYB34,CNX2,NUE120,MYB,
AT5G60890,PD,AT2G25930,ATMYB34,ELF3,NUE131,MYB,
AT5G61590,PD,AT2G14210,ERF107,ANR1,NUE048,AP2/EREBP,x
AT5G61590,PD,AT5G41410,ERF107,BEL1,NUE076,AP2/EREBP,x
AT5G61590,PD,AT4G24400,ERF107,CIPK8,NUE064,AP2/EREBP,x
AT5G61590,PD,AT5G07440,ERF107,GDH2,NUE017,AP2/EREBP,x
AT5G61590,PD,AT3G17820,ERF107,GLN1;3,NUE112,AP2/EREBP,x
AT5G61590,PD,AT5G53460,ERF107,GLT1,NUE016,AP2/EREBP,x
AT5G61590,PD,AT3G47520,ERF107,MDH,NUE022,AP2/EREBP,x
AT5G61590,PD,AT1G56010,ERF107,NAC1,NAC1,AP2/EREBP,x
AT5G61590,PD,AT1G77760,ERF107,NIA1,NUE010,AP2/EREBP,x
AT5G61590,PD,AT1G02860,ERF107,NLA,NUE060,AP2/EREBP,x
AT5G61590,PD,AT1G64530,ERF107,NLP6,NUE132,AP2/EREBP,x
AT5G61590,PD,AT1G12110,ERF107,NRT1.1,NUE001,AP2/EREBP,x
AT5G61590,PD,AT5G57390,ERF107,PLT5,NUE117,AP2/EREBP,x
AT5G61590,PD,AT5G50200,ERF107,NRT3.1,NUE007,AP2/EREBP,x
AT5G61600,PD,AT1G66200,ERF104,GLN1;2,NUE014,AP2/EREBP,x
AT5G61600,PD,AT3G47520,ERF104,MDH,NUE022,AP2/EREBP,x
AT5G61600,PD,AT4G24620,ERF104,PGI1,NUE029,AP2/EREBP,x
AT5G62020,PD,AT5G50200,AT-HSFB2A,NRT3.1,NUE007,HSF,
AT5G62380,PD,AT3G47520,VND6,MDH,NUE022,NAC,
AT5G62610,PD,AT1G77450,BHLH79,ANAC032,NUE083,BHLH,
AT5G62610,PD,AT2G14210,BHLH79,ANR1,NUE048,BHLH,
AT5G62610,PD,AT3G47520,BHLH79,MDH,NUE022,BHLH,
AT5G62610,PD,AT1G78050,BHLH79,PGM1,NUE124,BHLH,
AT5G63280,PD,AT5G07440,At5g63280,GDH2,NUE017,,
AT5G63790,PD,AT1G72330,ANAC102,ALAAT2,NUE030,NAC,x
AT5G63790,PD,AT3G47340,ANAC102,ASN1,NUE018,NAC,x
AT5G63790,PD,AT5G65010,ANAC102,ASN2,NUE019,NAC,x
AT5G63790,PD,AT5G41410,ANAC102,BEL1,NUE076,NAC,x
AT5G63790,PD,AT4G24400,ANAC102,CIPK8,NUE064,NAC,x
AT5G63790,PD,AT2G31955,ANAC102,CNX2,NUE120,NAC,x
AT5G63790,PD,AT2G25930,ANAC102,ELF3,NUE131,NAC,x
AT5G63790,PD,AT5G13110,ANAC102,G6PD2,NUE023,NAC,x
AT5G63790,PD,AT5G07440,ANAC102,GDH2,NUE017,NAC,x
AT5G63790,PD,AT1G66200,ANAC102,GLN1;2,NUE014,NAC,x
AT5G63790,PD,AT1G64530,ANAC102,NLP6,NUE132,NAC,x
AT5G63790,PD,AT4G24020,ANAC102,NLP7,NUE063,NAC,x
AT5G63790,PD,AT5G14570,ANAC102,NRT2.7,NUE006,NAC,x
AT5G65210,PD,AT5G07440,TGA1,GDH2,NUE017,,
AT5G65210,PD,AT1G64530,TGA1,NLP6,NUE132,BZIP,
AT5G67190,PD,AT5G41410,DEAR2,BEL1,NUE076,AP2/EREBP,
AT5G67190,PD,AT2G31955,DEAR2,CNX2,NUE120,AP2/EREBP,
AT5G67300,PD,AT1G30330,ATMYBR1,ARF6,ARF6,MYB,
AT5G67580,PD,AT5G07440,TRB2,GDH2,NUE017,MYB,
BBX16,PD,AT1G37130,BBX16,NIA2,NUE011,C2C2-CO-LIKE,x
GATA5,PD,AT1G12820,GATA5,AFB3,AFB3,C2C2-GATA,
GATA5,PD,AT2G31955,GATA5,CNX2,NUE120,C2C2-GATA,
GATA5,PD,AT2G25930,GATA5,ELF3,NUE131,C2C2-GATA,
GATA5,PD,AT5G53460,GATA5,GLT1,NUE016,C2C2-GATA,
GATA5,PD,AT1G12110,GATA5,NRT1.1,NUE001,C2C2-GATA,
GATA5,PD,AT3G08590,GATA5,PGM2,NUE125,C2C2-GATA,
GBF2,PD,AT3G26810,GBF2,AFB2,AFB2,BZIP,x
GBF2,PD,AT1G12820,GBF2,AFB3,AFB3,BZIP,x
GBF2,PD,AT2G14210,GBF2,ANR1,NUE048,BZIP,x
GBF2,PD,AT1G69850,GBF2,NRT1.2,NUE002,BZIP,x
GBF2,PD,AT5G41410,GBF2,BEL1,NUE076,BZIP,x
GBF2,PD,AT4G24400,GBF2,CIPK8,NUE064,BZIP,x
GBF2,PD,AT4G01120,GBF2,GBF2,GBF2,BZIP,x
GBF2,PD,AT5G07440,GBF2,GDH2,NUE017,,x
GBF2,PD,AT1G66200,GBF2,GLN1;2,NUE014,BZIP,x
GBF2,PD,AT1G56010,GBF2,NAC1,NAC1,BZIP,x
GBF2,PD,AT2G15620,GBF2,NIR1,NUE012,BZIP,x
GBF2,PD,AT1G64530,GBF2,NLP6,NUE132,BZIP,x
GBF2,PD,AT5G57390,GBF2,PLT5,NUE117,BZIP,x
GBF2,PD,AT5G50200,GBF2,NRT3.1,NUE007,BZIP,x
LBD37,PD,AT2G38290,LBD37,AMT2,NUE009,,
NLP6,PD,AT5G65010,NLP6,ASN2,NUE019,NIN-LIKE,x
NLP6,PD,AT2G31955,NLP6,CNX2,NUE120,NIN-LIKE,x
NLP6,PD,AT5G13110,NLP6,G6PD2,NUE023,NIN-LIKE,x
NLP6,PD,AT2G15620,NLP6,NIR1,NUE012,NIN-LIKE,x
NLP7,PD,AT5G65010,NLP7,ASN2,NUE019,NIN-LIKE,
NLP7,PD,AT4G24400,NLP7,CIPK8,NUE064,NIN-LIKE,
NLP7,PD,AT2G31955,NLP7,CNX2,NUE120,NIN-LIKE,
NLP7,PD,AT5G13110,NLP7,G6PD2,NUE023,NIN-LIKE,
NLP7,PD,AT2G15620,NLP7,NIR1,NUE012,NIN-LIKE,
NLP7,PD,AT1G02860,NLP7,NLA,NUE060,NIN-LIKE,
TMO5/LHW,PD,AT1G08090,LHW/TMO5,NRT2.1,NUE004,LHW/TMO5,
,,,,,,,
,,,,,,,
,,,,,,,
,,,,,,,
,,,,,,,
,,,,,,,
,,,,,,,
,,,,,,,
,,,,,,,
,,,,,,,
